timestamp,zone,scalar_action,power_w
2026-06-16T09:06:37,alliance-zone06,-1.0,47.861
2026-06-16T09:06:37,alliance-zone06,-0.9,47.87433333333334
2026-06-16T09:06:37,alliance-zone06,-0.8,47.98766666666668
2026-06-16T09:06:37,alliance-zone06,-0.7,47.972
2026-06-16T09:06:37,alliance-zone06,-0.6,48.07900000000001
2026-06-16T09:06:37,alliance-zone06,-0.5,48.312999999999995
2026-06-16T09:06:37,alliance-zone06,-0.4,48.35766666666666
2026-06-16T09:06:37,alliance-zone06,-0.3,48.936
2026-06-16T09:06:37,alliance-zone06,-0.2,49.35733333333334
2026-06-16T09:06:37,alliance-zone06,-0.1,49.92966666666666
2026-06-16T09:06:37,alliance-zone06,0.0,50.51733333333333
2026-06-16T09:06:37,alliance-zone06,0.1,50.937333333333335
2026-06-16T09:06:37,alliance-zone06,0.2,51.038333333333334
2026-06-16T09:06:37,alliance-zone06,0.3,51.23533333333334
2026-06-16T09:06:37,alliance-zone06,0.4,51.53366666666667
2026-06-16T09:06:37,alliance-zone06,0.5,51.835
2026-06-16T09:06:37,alliance-zone06,0.6,52.306999999999995
2026-06-16T09:06:37,alliance-zone06,0.7,52.823
2026-06-16T09:06:37,alliance-zone06,0.8,53.478
2026-06-16T09:06:37,alliance-zone06,0.9,54.52533333333333
2026-06-16T09:06:37,alliance-zone06,1.0,56.714
2026-06-16T09:11:58,alliance-zone07,-1.0,47.38066666666666
2026-06-16T09:11:58,alliance-zone07,-0.9,47.32
2026-06-16T09:11:58,alliance-zone07,-0.8,47.33233333333334
2026-06-16T09:11:58,alliance-zone07,-0.7,47.39000000000001
2026-06-16T09:11:58,alliance-zone07,-0.6,47.71266666666667
2026-06-16T09:11:58,alliance-zone07,-0.5,47.90366666666667
2026-06-16T09:11:58,alliance-zone07,-0.4,48.18333333333334
2026-06-16T09:11:58,alliance-zone07,-0.3,48.874
2026-06-16T09:11:58,alliance-zone07,-0.2,49.37166666666666
2026-06-16T09:11:58,alliance-zone07,-0.1,49.981
2026-06-16T09:11:58,alliance-zone07,0.0,50.568333333333335
2026-06-16T09:11:58,alliance-zone07,0.1,50.75966666666667
2026-06-16T09:11:58,alliance-zone07,0.2,50.67033333333333
2026-06-16T09:11:58,alliance-zone07,0.3,50.75833333333333
2026-06-16T09:11:58,alliance-zone07,0.4,50.74033333333333
2026-06-16T09:11:58,alliance-zone07,0.5,50.88166666666666
2026-06-16T09:11:58,alliance-zone07,0.6,51.498
2026-06-16T09:11:58,alliance-zone07,0.7,52.23266666666666
2026-06-16T09:11:58,alliance-zone07,0.8,52.773666666666664
2026-06-16T09:11:58,alliance-zone07,0.9,53.614000000000004
2026-06-16T09:11:58,alliance-zone07,1.0,54.278333333333336
2026-06-16T09:15:26,alliance-zone08,-1.0,45.504
2026-06-16T09:15:26,alliance-zone08,-0.9,45.669999999999995
2026-06-16T09:15:26,alliance-zone08,-0.8,45.79666666666666
2026-06-16T09:15:26,alliance-zone08,-0.7,46.06033333333334
2026-06-16T09:15:26,alliance-zone08,-0.6,45.94566666666666
2026-06-16T09:15:26,alliance-zone08,-0.5,46.13466666666667
2026-06-16T09:15:26,alliance-zone08,-0.4,46.29566666666667
2026-06-16T09:15:26,alliance-zone08,-0.3,46.48166666666666
2026-06-16T09:15:26,alliance-zone08,-0.2,46.814
2026-06-16T09:15:26,alliance-zone08,-0.1,47.34966666666666
2026-06-16T09:15:26,alliance-zone08,0.0,48.031
2026-06-16T09:15:26,alliance-zone08,0.1,48.147999999999996
2026-06-16T09:15:26,alliance-zone08,0.2,47.95533333333333
2026-06-16T09:15:26,alliance-zone08,0.3,48.03366666666667
2026-06-16T09:15:26,alliance-zone08,0.4,48.25366666666667
2026-06-16T09:15:26,alliance-zone08,0.5,48.501
2026-06-16T09:15:26,alliance-zone08,0.6,48.727666666666664
2026-06-16T09:15:26,alliance-zone08,0.7,49.26500000000001
2026-06-16T09:15:26,alliance-zone08,0.8,49.84266666666667
2026-06-16T09:15:26,alliance-zone08,0.9,50.370666666666665
2026-06-16T09:15:26,alliance-zone08,1.0,51.45766666666666
2026-06-16T09:18:41,alliance-zone09,-1.0,44.463
2026-06-16T09:18:41,alliance-zone09,-0.9,44.50300000000001
2026-06-16T09:18:41,alliance-zone09,-0.8,44.64633333333333
2026-06-16T09:18:41,alliance-zone09,-0.7,44.748
2026-06-16T09:18:41,alliance-zone09,-0.6,45.016333333333336
2026-06-16T09:18:41,alliance-zone09,-0.5,45.16733333333334
2026-06-16T09:18:41,alliance-zone09,-0.4,45.365
2026-06-16T09:18:41,alliance-zone09,-0.3,45.69566666666666
2026-06-16T09:18:41,alliance-zone09,-0.2,46.064666666666675
2026-06-16T09:18:41,alliance-zone09,-0.1,46.422666666666665
2026-06-16T09:18:41,alliance-zone09,0.0,46.88733333333332
2026-06-16T09:18:41,alliance-zone09,0.1,47.62633333333334
2026-06-16T09:18:41,alliance-zone09,0.2,47.559
2026-06-16T09:18:41,alliance-zone09,0.3,47.818999999999996
2026-06-16T09:18:41,alliance-zone09,0.4,48.041666666666664
2026-06-16T09:18:41,alliance-zone09,0.5,48.28366666666667
2026-06-16T09:18:41,alliance-zone09,0.6,48.61266666666666
2026-06-16T09:18:41,alliance-zone09,0.7,49.213
2026-06-16T09:18:41,alliance-zone09,0.8,49.99666666666667
2026-06-16T09:18:41,alliance-zone09,0.9,50.62300000000001
2026-06-16T09:18:41,alliance-zone09,1.0,51.81966666666667
2026-06-16T09:21:50,alliance-zone10,-1.0,45.87800000000001
2026-06-16T09:21:50,alliance-zone10,-0.9,45.94766666666666
2026-06-16T09:21:50,alliance-zone10,-0.8,45.98
2026-06-16T09:21:50,alliance-zone10,-0.7,46.059333333333335
2026-06-16T09:21:50,alliance-zone10,-0.6,46.28266666666667
2026-06-16T09:21:50,alliance-zone10,-0.5,46.435
2026-06-16T09:21:50,alliance-zone10,-0.4,46.668
2026-06-16T09:21:50,alliance-zone10,-0.3,46.946666666666665
2026-06-16T09:21:50,alliance-zone10,-0.2,47.672
2026-06-16T09:21:50,alliance-zone10,-0.1,48.031666666666666
2026-06-16T09:21:50,alliance-zone10,0.0,48.54866666666667
2026-06-16T09:21:50,alliance-zone10,0.1,49.102666666666664
2026-06-16T09:21:50,alliance-zone10,0.2,48.955666666666666
2026-06-16T09:21:50,alliance-zone10,0.3,48.967000000000006
2026-06-16T09:21:50,alliance-zone10,0.4,49.15533333333334
2026-06-16T09:21:50,alliance-zone10,0.5,49.53133333333333
2026-06-16T09:21:50,alliance-zone10,0.6,49.647999999999996
2026-06-16T09:21:50,alliance-zone10,0.7,50.077333333333335
2026-06-16T09:21:50,alliance-zone10,0.8,50.465666666666664
2026-06-16T09:21:50,alliance-zone10,0.9,51.004999999999995
2026-06-16T09:21:50,alliance-zone10,1.0,52.22933333333333
