timestamp,plant 1 (genotype),plant 2 (genotype),plant 3 (genotype),plant 4 (genotype),plant 5 (genotype),plant 6 (genotype),plant 7 (genotype),plant 8 (genotype),plant 9 (genotype),plant 10 (genotype),plant 11 (genotype),plant 12 (genotype),plant 13 (genotype),plant 14 (genotype),plant 15 (genotype),plant 16 (genotype)
2025-02-26 09:05,440.0,220.0,207.0,274.0,102.0,386.0,301.0,451.0,205.0,157.0,263.0,201.0,389.0,359.0,161.0,157.0
2025-02-26 09:10,373.0,214.0,189.0,256.0,108.0,390.0,289.0,476.0,199.0,120.0,277.0,203.0,380.0,317.0,148.0,113.0
2025-02-26 09:15,393.0,205.0,199.0,243.0,118.0,382.0,289.0,436.0,185.0,113.0,221.0,191.0,381.0,358.0,140.0,135.0
2025-02-26 09:20,399.0,241.0,188.0,248.0,96.0,400.0,297.0,438.0,186.0,108.0,245.0,212.0,344.0,349.0,159.0,118.0
2025-02-26 09:25,371.0,191.0,170.0,251.0,86.0,393.0,299.0,429.0,177.0,106.0,243.0,217.0,393.0,315.0,155.0,121.0
2025-02-26 09:30,452.0,217.0,188.0,263.0,94.0,376.0,297.0,452.0,184.0,114.0,249.0,185.0,388.0,342.0,155.0,126.0
2025-02-26 09:35,463.0,214.0,184.0,267.0,108.0,384.0,293.0,448.0,196.0,134.0,252.0,196.0,387.0,314.0,154.0,116.0
2025-02-26 09:40,478.0,186.0,210.0,260.0,82.0,419.0,318.0,447.0,185.0,94.0,243.0,207.0,400.0,325.0,144.0,104.0
2025-02-26 09:45,349.0,210.0,177.0,284.0,123.0,410.0,306.0,425.0,200.0,110.0,256.0,187.0,380.0,347.0,164.0,137.0
2025-02-26 09:50,398.0,213.0,173.0,268.0,100.0,428.0,325.0,483.0,209.0,132.0,258.0,202.0,422.0,313.0,140.0,162.0
2025-02-26 09:55,363.0,208.0,195.0,264.0,93.0,417.0,305.0,434.0,202.0,107.0,243.0,192.0,408.0,330.0,156.0,123.0
2025-02-26 10:00,348.0,192.0,191.0,278.0,78.0,423.0,301.0,487.0,197.0,126.0,249.0,161.0,391.0,345.0,151.0,108.0
2025-02-26 10:05,355.0,208.0,178.0,293.0,99.0,444.0,302.0,415.0,214.0,151.0,257.0,209.0,421.0,356.0,148.0,100.0
2025-02-26 10:10,380.0,196.0,207.0,291.0,90.0,404.0,314.0,455.0,192.0,140.0,252.0,186.0,433.0,333.0,160.0,107.0
2025-02-26 10:15,380.0,186.0,210.0,262.0,99.0,428.0,312.0,468.0,220.0,148.0,256.0,187.0,402.0,337.0,149.0,131.0
2025-02-26 10:20,443.0,219.0,198.0,263.0,109.0,428.0,306.0,431.0,202.0,142.0,258.0,174.0,429.0,316.0,141.0,116.0
2025-02-26 10:25,385.0,221.0,169.0,262.0,121.0,439.0,315.0,474.0,203.0,105.0,239.0,192.0,418.0,361.0,155.0,125.0
2025-02-26 10:30,424.0,191.0,211.0,280.0,71.0,402.0,307.0,403.0,217.0,154.0,242.0,193.0,416.0,353.0,149.0,128.0
2025-02-26 10:35,361.0,220.0,217.0,252.0,81.0,414.0,312.0,379.0,198.0,146.0,280.0,187.0,402.0,316.0,154.0,114.0
2025-02-26 10:40,389.0,188.0,204.0,286.0,125.0,414.0,307.0,468.0,213.0,145.0,252.0,187.0,409.0,330.0,139.0,94.0
2025-02-26 10:45,435.0,183.0,203.0,249.0,104.0,423.0,319.0,449.0,179.0,113.0,255.0,166.0,411.0,344.0,148.0,117.0
2025-02-26 10:50,389.0,212.0,218.0,268.0,109.0,417.0,316.0,447.0,212.0,133.0,238.0,156.0,428.0,344.0,148.0,113.0
2025-02-26 10:55,353.0,219.0,206.0,261.0,83.0,425.0,310.0,450.0,211.0,144.0,250.0,169.0,391.0,305.0,162.0,137.0
2025-02-26 11:00,429.0,210.0,210.0,288.0,114.0,428.0,316.0,440.0,234.0,124.0,257.0,191.0,433.0,345.0,149.0,107.0
2025-02-26 11:05,380.0,192.0,195.0,274.0,109.0,421.0,304.0,466.0,219.0,139.0,247.0,184.0,450.0,328.0,162.0,135.0
2025-02-26 11:10,379.0,218.0,220.0,304.0,95.0,412.0,313.0,456.0,210.0,146.0,251.0,173.0,405.0,358.0,155.0,121.0
2025-02-26 11:15,427.0,211.0,197.0,283.0,106.0,437.0,309.0,460.0,196.0,122.0,256.0,164.0,427.0,344.0,161.0,133.0
2025-02-26 11:20,391.0,180.0,201.0,292.0,86.0,441.0,314.0,467.0,198.0,129.0,247.0,203.0,431.0,341.0,156.0,124.0
2025-02-26 11:25,463.0,244.0,205.0,276.0,99.0,423.0,308.0,432.0,206.0,126.0,271.0,182.0,420.0,355.0,152.0,124.0
2025-02-26 11:30,388.0,218.0,206.0,278.0,112.0,434.0,309.0,434.0,199.0,112.0,257.0,177.0,406.0,358.0,168.0,134.0
2025-02-26 11:35,403.0,188.0,204.0,282.0,122.0,446.0,320.0,453.0,212.0,138.0,272.0,170.0,420.0,360.0,148.0,142.0
2025-02-26 11:40,388.0,215.0,221.0,298.0,93.0,436.0,300.0,474.0,182.0,147.0,260.0,203.0,427.0,369.0,120.0,115.0
2025-02-26 11:45,357.0,182.0,204.0,270.0,97.0,445.0,313.0,445.0,211.0,117.0,278.0,171.0,434.0,340.0,160.0,155.0
2025-02-26 11:50,354.0,182.0,209.0,272.0,109.0,431.0,321.0,438.0,205.0,152.0,267.0,183.0,408.0,323.0,142.0,125.0
2025-02-26 11:55,351.0,188.0,197.0,291.0,123.0,424.0,297.0,466.0,222.0,138.0,286.0,170.0,401.0,326.0,150.0,106.0
2025-02-26 12:00,418.0,183.0,203.0,302.0,111.0,442.0,344.0,449.0,185.0,152.0,274.0,196.0,407.0,372.0,169.0,143.0
2025-02-26 12:05,346.0,206.0,210.0,294.0,124.0,427.0,316.0,436.0,212.0,142.0,260.0,201.0,415.0,368.0,160.0,111.0
2025-02-26 12:10,353.0,224.0,228.0,302.0,104.0,445.0,316.0,469.0,213.0,137.0,266.0,178.0,417.0,375.0,162.0,123.0
2025-02-26 12:15,346.0,212.0,208.0,296.0,99.0,439.0,326.0,487.0,221.0,141.0,278.0,205.0,410.0,349.0,160.0,134.0
2025-02-26 12:20,368.0,217.0,199.0,292.0,93.0,437.0,321.0,482.0,226.0,141.0,273.0,190.0,411.0,353.0,136.0,175.0
2025-02-26 12:25,422.0,215.0,228.0,304.0,123.0,446.0,312.0,473.0,220.0,131.0,262.0,215.0,444.0,373.0,162.0,152.0
2025-02-26 12:30,413.0,216.0,164.0,288.0,89.0,412.0,319.0,462.0,203.0,137.0,256.0,202.0,408.0,316.0,153.0,132.0
2025-02-26 12:35,414.0,220.0,193.0,288.0,101.0,443.0,316.0,461.0,225.0,129.0,261.0,191.0,419.0,320.0,160.0,109.0
2025-02-26 12:40,356.0,177.0,226.0,287.0,106.0,444.0,319.0,427.0,205.0,155.0,283.0,205.0,420.0,374.0,160.0,124.0
2025-02-26 12:45,449.0,217.0,199.0,291.0,107.0,435.0,314.0,465.0,226.0,140.0,275.0,220.0,426.0,348.0,156.0,147.0
2025-02-26 12:50,448.0,205.0,226.0,302.0,111.0,466.0,323.0,464.0,214.0,133.0,259.0,210.0,433.0,366.0,161.0,116.0
2025-02-26 12:55,358.0,207.0,205.0,295.0,111.0,436.0,328.0,467.0,228.0,147.0,273.0,179.0,435.0,325.0,137.0,124.0
2025-02-26 13:00,356.0,172.0,212.0,300.0,95.0,416.0,313.0,464.0,222.0,151.0,274.0,197.0,414.0,364.0,166.0,129.0
2025-02-26 13:05,405.0,208.0,225.0,313.0,116.0,442.0,309.0,467.0,227.0,106.0,272.0,174.0,411.0,360.0,140.0,126.0
2025-02-26 13:10,375.0,153.0,226.0,300.0,84.0,439.0,320.0,463.0,212.0,140.0,276.0,192.0,415.0,340.0,149.0,141.0
2025-02-26 13:15,361.0,200.0,197.0,308.0,118.0,449.0,315.0,473.0,209.0,99.0,284.0,206.0,409.0,350.0,140.0,116.0
2025-02-26 13:20,466.0,206.0,206.0,306.0,139.0,439.0,322.0,464.0,225.0,118.0,270.0,180.0,413.0,325.0,162.0,117.0
2025-02-26 13:25,362.0,212.0,226.0,299.0,112.0,439.0,322.0,459.0,224.0,143.0,286.0,192.0,387.0,368.0,147.0,113.0
2025-02-26 13:30,407.0,235.0,196.0,299.0,95.0,443.0,314.0,469.0,216.0,143.0,294.0,185.0,416.0,314.0,168.0,128.0
2025-02-26 13:35,366.0,206.0,187.0,293.0,95.0,448.0,321.0,453.0,217.0,104.0,270.0,175.0,431.0,348.0,144.0,145.0
2025-02-26 13:40,358.0,213.0,194.0,304.0,88.0,442.0,323.0,480.0,229.0,150.0,271.0,193.0,399.0,356.0,163.0,143.0
2025-02-26 13:45,390.0,215.0,190.0,295.0,126.0,419.0,328.0,450.0,221.0,140.0,285.0,193.0,413.0,343.0,154.0,150.0
2025-02-26 13:50,407.0,219.0,201.0,300.0,104.0,437.0,312.0,464.0,176.0,142.0,299.0,197.0,395.0,355.0,146.0,149.0
2025-02-26 13:55,452.0,204.0,227.0,286.0,109.0,453.0,317.0,471.0,224.0,143.0,278.0,175.0,392.0,336.0,149.0,140.0
2025-02-26 14:00,369.0,220.0,224.0,293.0,98.0,416.0,315.0,447.0,218.0,131.0,257.0,212.0,433.0,345.0,158.0,122.0
2025-02-26 14:05,362.0,209.0,209.0,303.0,122.0,431.0,316.0,463.0,224.0,146.0,279.0,183.0,433.0,343.0,158.0,107.0
2025-02-26 14:10,363.0,225.0,198.0,311.0,93.0,441.0,319.0,473.0,218.0,149.0,276.0,203.0,432.0,379.0,158.0,100.0
2025-02-26 14:15,359.0,218.0,211.0,293.0,121.0,432.0,324.0,484.0,236.0,96.0,294.0,198.0,431.0,345.0,160.0,132.0
2025-02-26 14:20,370.0,206.0,208.0,299.0,107.0,445.0,313.0,467.0,231.0,132.0,273.0,188.0,431.0,378.0,157.0,158.0
2025-02-26 14:25,373.0,250.0,172.0,302.0,93.0,441.0,335.0,425.0,225.0,115.0,284.0,192.0,402.0,352.0,156.0,130.0
2025-02-26 14:30,407.0,219.0,213.0,292.0,113.0,440.0,318.0,464.0,207.0,91.0,275.0,176.0,455.0,366.0,161.0,139.0
2025-02-26 14:35,432.0,220.0,219.0,322.0,104.0,435.0,313.0,465.0,224.0,148.0,287.0,197.0,432.0,358.0,156.0,123.0
2025-02-26 14:40,364.0,219.0,222.0,295.0,103.0,427.0,317.0,472.0,222.0,118.0,279.0,198.0,453.0,368.0,148.0,92.0
2025-02-26 14:45,422.0,204.0,211.0,306.0,77.0,442.0,316.0,427.0,222.0,112.0,287.0,213.0,434.0,369.0,154.0,116.0
2025-02-26 14:50,429.0,225.0,187.0,305.0,125.0,461.0,318.0,482.0,231.0,126.0,298.0,201.0,432.0,372.0,175.0,146.0
2025-02-26 14:55,417.0,221.0,206.0,292.0,97.0,420.0,327.0,445.0,193.0,150.0,283.0,190.0,458.0,379.0,154.0,145.0
2025-02-26 15:00,354.0,206.0,226.0,300.0,99.0,428.0,323.0,480.0,225.0,124.0,288.0,193.0,417.0,385.0,156.0,140.0
2025-02-26 15:05,344.0,211.0,204.0,319.0,81.0,414.0,319.0,468.0,218.0,103.0,281.0,202.0,427.0,348.0,155.0,121.0
2025-02-26 15:10,357.0,221.0,194.0,308.0,119.0,416.0,306.0,460.0,192.0,122.0,284.0,217.0,419.0,368.0,157.0,114.0
2025-02-26 15:15,443.0,222.0,217.0,306.0,111.0,430.0,305.0,493.0,216.0,137.0,271.0,206.0,425.0,363.0,149.0,117.0
2025-02-26 15:20,408.0,220.0,190.0,302.0,109.0,411.0,315.0,463.0,192.0,128.0,298.0,198.0,435.0,350.0,155.0,132.0
2025-02-26 15:25,417.0,219.0,184.0,289.0,103.0,420.0,311.0,449.0,222.0,105.0,281.0,199.0,421.0,350.0,161.0,143.0
2025-02-26 15:30,479.0,226.0,222.0,307.0,79.0,428.0,324.0,478.0,206.0,145.0,290.0,198.0,413.0,382.0,150.0,144.0
2025-02-26 15:35,413.0,223.0,189.0,306.0,100.0,423.0,334.0,465.0,218.0,133.0,282.0,203.0,418.0,362.0,155.0,115.0
2025-02-26 15:40,373.0,225.0,220.0,292.0,119.0,425.0,311.0,483.0,208.0,135.0,300.0,203.0,411.0,365.0,156.0,139.0
2025-02-26 15:45,387.0,214.0,207.0,305.0,88.0,428.0,324.0,457.0,221.0,145.0,290.0,180.0,444.0,348.0,147.0,136.0
2025-02-26 15:50,367.0,218.0,208.0,293.0,75.0,427.0,326.0,433.0,215.0,139.0,270.0,189.0,425.0,370.0,160.0,132.0
2025-02-26 15:55,389.0,222.0,209.0,293.0,87.0,409.0,341.0,459.0,204.0,133.0,266.0,195.0,434.0,352.0,148.0,117.0
2025-02-26 16:00,1760.0,209.0,210.0,281.0,219.0,450.0,313.0,453.0,212.0,105.0,272.0,164.0,432.0,309.0,143.0,139.0
2025-02-26 16:05,779.0,227.0,233.0,308.0,147.0,471.0,327.0,454.0,235.0,116.0,281.0,199.0,432.0,358.0,146.0,153.0
2025-02-26 16:10,638.0,233.0,223.0,311.0,99.0,435.0,345.0,491.0,228.0,128.0,296.0,175.0,422.0,366.0,153.0,98.0
2025-02-26 16:15,677.0,230.0,213.0,307.0,91.0,436.0,344.0,482.0,248.0,127.0,280.0,202.0,445.0,367.0,166.0,169.0
2025-02-26 16:20,566.0,228.0,207.0,311.0,97.0,437.0,332.0,487.0,221.0,146.0,295.0,196.0,430.0,377.0,149.0,145.0
2025-02-26 16:25,609.0,262.0,221.0,297.0,100.0,421.0,335.0,462.0,218.0,121.0,286.0,211.0,452.0,375.0,143.0,152.0
2025-02-26 16:30,418.0,246.0,218.0,289.0,87.0,433.0,321.0,472.0,226.0,149.0,298.0,194.0,435.0,395.0,154.0,145.0
2025-02-26 16:35,504.0,237.0,209.0,298.0,110.0,451.0,328.0,473.0,219.0,129.0,297.0,178.0,434.0,370.0,150.0,159.0
2025-02-26 16:40,369.0,242.0,226.0,275.0,86.0,426.0,327.0,493.0,223.0,148.0,316.0,208.0,416.0,381.0,128.0,153.0
2025-02-26 16:45,416.0,237.0,211.0,275.0,159.0,426.0,323.0,468.0,224.0,133.0,292.0,196.0,422.0,376.0,165.0,148.0
2025-02-26 16:50,616.0,267.0,206.0,268.0,103.0,409.0,333.0,498.0,208.0,143.0,289.0,213.0,423.0,386.0,180.0,153.0
2025-02-26 16:55,521.0,237.0,225.0,279.0,148.0,443.0,328.0,502.0,213.0,150.0,311.0,190.0,441.0,366.0,165.0,121.0
2025-02-26 17:00,395.0,235.0,197.0,280.0,182.0,428.0,310.0,477.0,235.0,150.0,317.0,219.0,455.0,339.0,162.0,131.0
2025-02-26 17:05,373.0,225.0,210.0,277.0,117.0,436.0,338.0,489.0,228.0,141.0,287.0,187.0,454.0,382.0,165.0,140.0
2025-02-26 17:10,503.0,231.0,222.0,280.0,112.0,440.0,334.0,494.0,229.0,144.0,311.0,218.0,432.0,379.0,159.0,154.0
2025-02-26 17:15,383.0,233.0,197.0,276.0,92.0,419.0,330.0,479.0,227.0,136.0,274.0,207.0,456.0,372.0,169.0,143.0
2025-02-26 17:20,479.0,261.0,208.0,301.0,119.0,430.0,335.0,468.0,213.0,111.0,293.0,225.0,436.0,374.0,158.0,136.0
2025-02-26 17:25,375.0,256.0,225.0,283.0,106.0,428.0,338.0,482.0,228.0,135.0,297.0,202.0,429.0,376.0,169.0,141.0
2025-02-26 17:30,439.0,232.0,221.0,277.0,112.0,408.0,342.0,490.0,207.0,137.0,287.0,218.0,438.0,364.0,158.0,165.0
2025-02-26 17:35,363.0,228.0,200.0,277.0,112.0,412.0,315.0,493.0,227.0,122.0,296.0,189.0,476.0,369.0,158.0,146.0
2025-02-26 17:40,408.0,231.0,200.0,283.0,111.0,413.0,311.0,515.0,241.0,114.0,303.0,214.0,427.0,347.0,159.0,136.0
2025-02-26 17:45,568.0,233.0,226.0,295.0,198.0,404.0,318.0,500.0,228.0,156.0,284.0,232.0,444.0,368.0,152.0,121.0
2025-02-26 17:50,591.0,235.0,194.0,282.0,109.0,404.0,324.0,504.0,232.0,138.0,261.0,195.0,452.0,377.0,167.0,128.0
2025-02-26 17:55,396.0,272.0,204.0,276.0,147.0,410.0,327.0,462.0,226.0,136.0,300.0,221.0,452.0,349.0,167.0,154.0
2025-02-26 18:00,406.0,227.0,224.0,271.0,95.0,435.0,315.0,505.0,205.0,102.0,273.0,206.0,428.0,373.0,161.0,154.0
2025-02-26 18:05,386.0,213.0,216.0,303.0,139.0,420.0,322.0,489.0,221.0,138.0,266.0,214.0,438.0,376.0,170.0,136.0
2025-02-26 18:10,477.0,219.0,201.0,308.0,108.0,426.0,310.0,495.0,267.0,121.0,260.0,182.0,436.0,368.0,170.0,154.0
2025-02-26 18:15,423.0,225.0,199.0,276.0,150.0,429.0,319.0,503.0,230.0,107.0,282.0,223.0,416.0,354.0,169.0,118.0
2025-02-26 18:20,551.0,208.0,201.0,289.0,141.0,428.0,311.0,491.0,240.0,146.0,290.0,192.0,477.0,327.0,157.0,152.0
2025-02-26 18:25,383.0,226.0,232.0,277.0,106.0,430.0,307.0,494.0,198.0,112.0,263.0,212.0,429.0,375.0,154.0,154.0
2025-02-26 18:30,364.0,224.0,228.0,276.0,91.0,403.0,321.0,505.0,211.0,143.0,252.0,189.0,436.0,387.0,160.0,156.0
2025-02-26 18:35,395.0,183.0,225.0,278.0,100.0,410.0,316.0,466.0,233.0,106.0,261.0,229.0,417.0,353.0,150.0,158.0
2025-02-26 18:40,485.0,227.0,220.0,267.0,174.0,401.0,306.0,503.0,207.0,132.0,276.0,200.0,460.0,362.0,139.0,131.0
2025-02-26 18:45,396.0,216.0,228.0,274.0,112.0,408.0,298.0,466.0,215.0,138.0,271.0,222.0,460.0,393.0,184.0,155.0
2025-02-26 18:50,456.0,211.0,219.0,267.0,97.0,405.0,317.0,517.0,224.0,150.0,273.0,193.0,428.0,371.0,148.0,151.0
2025-02-26 18:55,398.0,234.0,206.0,253.0,101.0,403.0,308.0,508.0,224.0,134.0,276.0,209.0,417.0,366.0,149.0,146.0
2025-02-26 19:00,376.0,215.0,189.0,294.0,119.0,397.0,308.0,475.0,213.0,127.0,273.0,212.0,449.0,379.0,176.0,125.0
2025-02-26 19:05,424.0,191.0,190.0,258.0,106.0,406.0,315.0,462.0,226.0,117.0,268.0,202.0,442.0,383.0,162.0,131.0
2025-02-26 19:10,434.0,210.0,198.0,260.0,137.0,410.0,370.0,486.0,204.0,124.0,277.0,209.0,417.0,376.0,132.0,150.0
2025-02-26 19:15,466.0,217.0,217.0,265.0,105.0,398.0,317.0,505.0,216.0,131.0,283.0,242.0,450.0,363.0,169.0,159.0
2025-02-26 19:20,437.0,176.0,218.0,256.0,86.0,415.0,322.0,492.0,198.0,103.0,278.0,251.0,436.0,374.0,153.0,146.0
2025-02-26 19:25,488.0,209.0,218.0,274.0,189.0,399.0,306.0,503.0,185.0,141.0,270.0,202.0,459.0,363.0,157.0,169.0
2025-02-26 19:30,462.0,189.0,208.0,266.0,115.0,399.0,298.0,475.0,201.0,112.0,286.0,237.0,426.0,363.0,147.0,158.0
2025-02-26 19:35,401.0,184.0,225.0,267.0,163.0,421.0,311.0,476.0,201.0,132.0,241.0,231.0,427.0,363.0,168.0,138.0
2025-02-26 19:40,399.0,215.0,194.0,265.0,126.0,406.0,301.0,488.0,225.0,143.0,289.0,214.0,426.0,343.0,162.0,141.0
2025-02-26 19:45,410.0,212.0,205.0,268.0,71.0,427.0,316.0,480.0,187.0,105.0,274.0,203.0,417.0,387.0,158.0,149.0
2025-02-26 19:50,399.0,209.0,194.0,265.0,102.0,403.0,296.0,484.0,217.0,136.0,283.0,239.0,388.0,353.0,142.0,145.0
2025-02-26 19:55,501.0,224.0,206.0,251.0,118.0,402.0,314.0,513.0,204.0,104.0,282.0,205.0,457.0,386.0,154.0,131.0
2025-02-26 20:00,438.0,174.0,209.0,280.0,163.0,400.0,300.0,494.0,215.0,144.0,269.0,212.0,461.0,379.0,170.0,126.0
2025-02-26 20:05,518.0,211.0,203.0,257.0,166.0,414.0,317.0,496.0,213.0,143.0,255.0,255.0,431.0,386.0,165.0,148.0
2025-02-26 20:10,404.0,203.0,216.0,251.0,101.0,423.0,317.0,493.0,200.0,109.0,276.0,200.0,444.0,365.0,142.0,147.0
2025-02-26 20:15,449.0,191.0,198.0,251.0,127.0,413.0,321.0,457.0,211.0,122.0,281.0,231.0,441.0,372.0,166.0,145.0
2025-02-26 20:20,361.0,215.0,214.0,273.0,137.0,423.0,303.0,473.0,220.0,133.0,260.0,215.0,443.0,377.0,150.0,117.0
2025-02-26 20:25,455.0,205.0,235.0,254.0,155.0,429.0,312.0,474.0,234.0,131.0,283.0,197.0,438.0,372.0,170.0,124.0
2025-02-26 20:30,425.0,219.0,195.0,254.0,151.0,413.0,304.0,489.0,206.0,139.0,285.0,213.0,433.0,369.0,166.0,149.0
2025-02-26 20:35,413.0,213.0,199.0,250.0,118.0,420.0,307.0,504.0,176.0,77.0,240.0,229.0,412.0,382.0,151.0,144.0
2025-02-26 20:40,502.0,216.0,180.0,242.0,114.0,395.0,301.0,481.0,203.0,137.0,244.0,235.0,447.0,395.0,162.0,113.0
2025-02-26 20:45,417.0,218.0,232.0,252.0,161.0,408.0,313.0,487.0,204.0,135.0,273.0,222.0,416.0,370.0,160.0,152.0
2025-02-26 20:50,459.0,205.0,204.0,242.0,101.0,406.0,299.0,480.0,197.0,139.0,274.0,225.0,414.0,391.0,163.0,147.0
2025-02-26 20:55,410.0,215.0,189.0,251.0,94.0,397.0,306.0,490.0,209.0,124.0,280.0,228.0,439.0,361.0,158.0,115.0
2025-02-26 21:00,371.0,208.0,207.0,266.0,129.0,381.0,315.0,507.0,206.0,144.0,278.0,208.0,452.0,380.0,154.0,130.0
2025-02-27 09:05,408.0,234.0,217.0,287.0,119.0,413.0,340.0,497.0,210.0,153.0,330.0,246.0,471.0,394.0,181.0,172.0
2025-02-27 09:10,342.0,251.0,214.0,272.0,110.0,418.0,324.0,508.0,217.0,136.0,293.0,241.0,467.0,387.0,175.0,165.0
2025-02-27 09:15,371.0,224.0,210.0,257.0,82.0,402.0,339.0,484.0,219.0,136.0,295.0,240.0,435.0,385.0,148.0,138.0
2025-02-27 09:20,376.0,241.0,207.0,257.0,103.0,407.0,343.0,490.0,239.0,136.0,314.0,227.0,425.0,359.0,155.0,140.0
2025-02-27 09:25,353.0,230.0,201.0,289.0,90.0,413.0,341.0,507.0,224.0,99.0,281.0,217.0,461.0,364.0,155.0,147.0
2025-02-27 09:30,383.0,226.0,201.0,276.0,87.0,402.0,343.0,488.0,205.0,124.0,290.0,219.0,434.0,396.0,159.0,158.0
2025-02-27 09:35,409.0,229.0,219.0,306.0,99.0,411.0,335.0,495.0,206.0,134.0,292.0,206.0,460.0,356.0,152.0,134.0
2025-02-27 09:40,367.0,225.0,217.0,277.0,109.0,395.0,349.0,460.0,198.0,133.0,286.0,251.0,410.0,355.0,150.0,140.0
2025-02-27 09:45,372.0,229.0,224.0,274.0,87.0,401.0,342.0,504.0,215.0,125.0,265.0,227.0,475.0,369.0,152.0,139.0
2025-02-27 09:50,396.0,208.0,225.0,286.0,104.0,426.0,345.0,477.0,203.0,135.0,298.0,217.0,451.0,377.0,150.0,156.0
2025-02-27 09:55,395.0,235.0,250.0,282.0,100.0,436.0,366.0,530.0,217.0,101.0,306.0,198.0,424.0,381.0,153.0,153.0
2025-02-27 10:00,401.0,222.0,243.0,277.0,98.0,429.0,350.0,527.0,206.0,139.0,286.0,214.0,439.0,366.0,156.0,137.0
2025-02-27 10:05,360.0,236.0,203.0,297.0,87.0,428.0,348.0,476.0,216.0,99.0,310.0,197.0,462.0,371.0,148.0,163.0
2025-02-27 10:10,438.0,225.0,217.0,294.0,96.0,418.0,396.0,518.0,206.0,97.0,266.0,210.0,483.0,370.0,144.0,155.0
2025-02-27 10:15,429.0,231.0,237.0,302.0,93.0,432.0,358.0,491.0,204.0,117.0,292.0,213.0,429.0,383.0,162.0,149.0
2025-02-27 10:20,425.0,201.0,217.0,296.0,95.0,415.0,366.0,500.0,227.0,105.0,282.0,212.0,483.0,373.0,167.0,144.0
2025-02-27 10:25,409.0,231.0,222.0,296.0,107.0,415.0,369.0,487.0,227.0,126.0,280.0,247.0,491.0,384.0,146.0,130.0
2025-02-27 10:30,379.0,226.0,198.0,295.0,86.0,432.0,373.0,503.0,200.0,99.0,308.0,220.0,451.0,358.0,158.0,157.0
2025-02-27 10:35,439.0,238.0,215.0,288.0,110.0,430.0,379.0,490.0,221.0,96.0,306.0,201.0,484.0,374.0,139.0,157.0
2025-02-27 10:40,380.0,226.0,210.0,283.0,87.0,428.0,371.0,495.0,225.0,117.0,296.0,212.0,445.0,379.0,146.0,137.0
2025-02-27 10:45,384.0,228.0,250.0,277.0,107.0,420.0,376.0,521.0,227.0,129.0,296.0,220.0,448.0,374.0,151.0,156.0
2025-02-27 10:50,478.0,234.0,212.0,283.0,90.0,398.0,386.0,502.0,203.0,118.0,320.0,214.0,482.0,372.0,152.0,140.0
2025-02-27 10:55,364.0,227.0,219.0,276.0,83.0,418.0,376.0,480.0,230.0,126.0,312.0,220.0,484.0,370.0,164.0,141.0
2025-02-27 11:00,401.0,235.0,206.0,283.0,100.0,419.0,368.0,501.0,225.0,102.0,318.0,206.0,457.0,366.0,162.0,156.0
2025-02-27 11:05,397.0,231.0,218.0,280.0,80.0,424.0,360.0,461.0,226.0,135.0,294.0,197.0,471.0,378.0,140.0,120.0
2025-02-27 11:10,403.0,265.0,225.0,291.0,99.0,405.0,384.0,493.0,236.0,110.0,317.0,218.0,488.0,384.0,157.0,138.0
2025-02-27 11:15,368.0,221.0,222.0,303.0,97.0,416.0,379.0,524.0,226.0,125.0,317.0,222.0,447.0,364.0,152.0,146.0
2025-02-27 11:20,373.0,230.0,197.0,308.0,98.0,423.0,379.0,478.0,211.0,112.0,302.0,223.0,457.0,378.0,161.0,129.0
2025-02-27 11:25,371.0,231.0,247.0,300.0,97.0,415.0,377.0,471.0,257.0,100.0,319.0,215.0,447.0,368.0,172.0,151.0
2025-02-27 11:30,386.0,251.0,227.0,296.0,87.0,421.0,362.0,501.0,226.0,124.0,313.0,215.0,479.0,376.0,142.0,156.0
2025-02-27 11:35,370.0,244.0,214.0,281.0,89.0,424.0,383.0,491.0,232.0,90.0,311.0,192.0,484.0,376.0,157.0,131.0
2025-02-27 11:40,396.0,228.0,239.0,326.0,95.0,427.0,377.0,480.0,238.0,113.0,304.0,232.0,447.0,325.0,149.0,137.0
2025-02-27 11:45,389.0,226.0,229.0,308.0,118.0,428.0,381.0,499.0,236.0,128.0,312.0,209.0,478.0,370.0,143.0,150.0
2025-02-27 11:50,432.0,229.0,234.0,285.0,74.0,444.0,375.0,498.0,232.0,103.0,309.0,220.0,442.0,376.0,157.0,122.0
2025-02-27 11:55,407.0,248.0,228.0,324.0,60.0,453.0,382.0,495.0,243.0,127.0,318.0,230.0,468.0,367.0,159.0,170.0
2025-02-27 12:00,368.0,244.0,215.0,329.0,115.0,437.0,363.0,491.0,244.0,113.0,323.0,225.0,489.0,381.0,158.0,184.0
2025-02-27 12:05,384.0,232.0,224.0,317.0,95.0,432.0,389.0,475.0,240.0,136.0,319.0,255.0,461.0,396.0,154.0,137.0
2025-02-27 12:10,389.0,241.0,243.0,318.0,110.0,409.0,396.0,477.0,241.0,102.0,322.0,202.0,444.0,382.0,158.0,161.0
2025-02-27 12:15,398.0,230.0,231.0,309.0,109.0,409.0,375.0,492.0,239.0,129.0,288.0,226.0,459.0,396.0,133.0,152.0
2025-02-27 12:20,384.0,244.0,251.0,286.0,100.0,454.0,372.0,491.0,236.0,129.0,313.0,235.0,460.0,375.0,151.0,152.0
2025-02-27 12:25,364.0,245.0,218.0,310.0,87.0,429.0,389.0,482.0,253.0,99.0,314.0,250.0,452.0,381.0,159.0,145.0
2025-02-27 12:30,372.0,241.0,230.0,311.0,116.0,431.0,387.0,503.0,243.0,113.0,318.0,247.0,455.0,402.0,158.0,150.0
2025-02-27 12:35,396.0,234.0,212.0,307.0,115.0,432.0,387.0,519.0,227.0,126.0,304.0,237.0,465.0,403.0,159.0,137.0
2025-02-27 12:40,391.0,246.0,250.0,312.0,106.0,431.0,385.0,509.0,241.0,132.0,330.0,291.0,424.0,411.0,142.0,150.0
2025-02-27 12:45,376.0,227.0,244.0,299.0,105.0,429.0,367.0,494.0,242.0,85.0,304.0,222.0,480.0,373.0,146.0,158.0
2025-02-27 12:50,382.0,232.0,215.0,307.0,106.0,453.0,386.0,502.0,244.0,133.0,304.0,242.0,478.0,373.0,141.0,175.0
2025-02-27 12:55,399.0,237.0,226.0,326.0,110.0,428.0,379.0,518.0,231.0,122.0,308.0,260.0,475.0,394.0,154.0,171.0
2025-02-27 13:00,392.0,221.0,222.0,318.0,107.0,434.0,374.0,500.0,238.0,136.0,323.0,245.0,448.0,407.0,163.0,152.0
2025-02-27 13:05,399.0,223.0,234.0,321.0,93.0,447.0,384.0,507.0,230.0,93.0,302.0,240.0,461.0,402.0,165.0,150.0
2025-02-27 13:10,406.0,237.0,257.0,295.0,97.0,434.0,376.0,496.0,242.0,105.0,319.0,249.0,482.0,377.0,154.0,138.0
2025-02-27 13:15,372.0,231.0,220.0,323.0,98.0,415.0,391.0,529.0,230.0,108.0,326.0,225.0,473.0,406.0,150.0,143.0
2025-02-27 13:20,378.0,231.0,225.0,312.0,114.0,444.0,379.0,561.0,245.0,106.0,314.0,234.0,462.0,388.0,156.0,151.0
2025-02-27 13:25,386.0,240.0,218.0,329.0,98.0,445.0,386.0,498.0,241.0,99.0,332.0,237.0,452.0,379.0,168.0,163.0
2025-02-27 13:30,374.0,236.0,226.0,325.0,99.0,433.0,364.0,501.0,248.0,86.0,327.0,221.0,466.0,388.0,154.0,134.0
2025-02-27 13:35,386.0,248.0,226.0,323.0,123.0,423.0,385.0,484.0,221.0,127.0,315.0,216.0,423.0,384.0,140.0,160.0
2025-02-27 13:40,372.0,244.0,216.0,315.0,121.0,429.0,376.0,492.0,245.0,99.0,337.0,230.0,439.0,397.0,146.0,147.0
2025-02-27 13:45,374.0,236.0,199.0,329.0,128.0,426.0,384.0,483.0,225.0,103.0,322.0,246.0,470.0,386.0,168.0,135.0
2025-02-27 13:50,404.0,222.0,230.0,326.0,118.0,421.0,373.0,498.0,233.0,92.0,326.0,230.0,482.0,386.0,143.0,162.0
2025-02-27 13:55,403.0,247.0,218.0,319.0,105.0,423.0,374.0,486.0,222.0,116.0,328.0,235.0,470.0,393.0,126.0,149.0
2025-02-27 14:00,412.0,234.0,218.0,319.0,107.0,424.0,365.0,477.0,237.0,119.0,321.0,214.0,451.0,400.0,162.0,166.0
2025-02-27 14:05,457.0,238.0,218.0,318.0,99.0,432.0,375.0,510.0,227.0,134.0,329.0,263.0,471.0,377.0,160.0,165.0
2025-02-27 14:10,357.0,231.0,206.0,309.0,106.0,416.0,378.0,491.0,239.0,122.0,330.0,225.0,421.0,385.0,141.0,140.0
2025-02-27 14:15,365.0,245.0,230.0,322.0,129.0,424.0,371.0,490.0,224.0,91.0,315.0,211.0,483.0,398.0,147.0,142.0
2025-02-27 14:20,374.0,240.0,209.0,309.0,103.0,422.0,391.0,485.0,234.0,110.0,315.0,244.0,452.0,395.0,161.0,167.0
2025-02-27 14:25,346.0,225.0,208.0,317.0,106.0,433.0,382.0,467.0,217.0,95.0,333.0,220.0,454.0,368.0,147.0,128.0
2025-02-27 14:30,457.0,226.0,217.0,315.0,123.0,432.0,367.0,474.0,226.0,130.0,328.0,212.0,458.0,392.0,152.0,163.0
2025-02-27 14:35,369.0,226.0,249.0,308.0,108.0,434.0,363.0,484.0,222.0,129.0,323.0,207.0,455.0,397.0,170.0,119.0
2025-02-27 14:40,374.0,233.0,225.0,323.0,109.0,425.0,395.0,466.0,202.0,121.0,348.0,205.0,469.0,385.0,153.0,123.0
2025-02-27 14:45,394.0,232.0,217.0,317.0,103.0,435.0,374.0,507.0,220.0,77.0,317.0,206.0,450.0,386.0,144.0,164.0
2025-02-27 14:50,375.0,224.0,226.0,312.0,125.0,414.0,385.0,476.0,225.0,124.0,340.0,234.0,482.0,389.0,151.0,150.0
2025-02-27 14:55,374.0,234.0,240.0,334.0,160.0,422.0,378.0,482.0,218.0,124.0,321.0,231.0,474.0,405.0,143.0,156.0
2025-02-27 15:00,455.0,230.0,204.0,324.0,113.0,409.0,384.0,473.0,216.0,126.0,329.0,206.0,474.0,389.0,139.0,177.0
2025-02-27 15:05,431.0,234.0,180.0,322.0,121.0,426.0,385.0,478.0,264.0,140.0,325.0,247.0,470.0,383.0,132.0,161.0
2025-02-27 15:10,389.0,226.0,178.0,313.0,123.0,412.0,373.0,497.0,240.0,129.0,322.0,217.0,462.0,364.0,152.0,159.0
2025-02-27 15:15,370.0,254.0,216.0,322.0,135.0,423.0,382.0,493.0,200.0,98.0,317.0,227.0,435.0,383.0,159.0,163.0
2025-02-27 15:20,414.0,235.0,220.0,314.0,132.0,418.0,377.0,498.0,225.0,128.0,313.0,247.0,469.0,371.0,165.0,155.0
2025-02-27 15:25,416.0,254.0,210.0,320.0,105.0,412.0,376.0,514.0,216.0,104.0,302.0,249.0,433.0,386.0,144.0,157.0
2025-02-27 15:30,399.0,228.0,212.0,314.0,115.0,411.0,362.0,477.0,225.0,97.0,300.0,250.0,456.0,390.0,132.0,179.0
2025-02-27 15:35,396.0,245.0,224.0,317.0,92.0,423.0,370.0,475.0,198.0,131.0,277.0,241.0,439.0,376.0,149.0,160.0
2025-02-27 15:40,391.0,229.0,218.0,329.0,109.0,419.0,363.0,476.0,237.0,127.0,280.0,216.0,451.0,381.0,150.0,168.0
2025-02-27 15:45,394.0,236.0,228.0,320.0,110.0,411.0,383.0,490.0,214.0,97.0,311.0,233.0,440.0,365.0,148.0,166.0
2025-02-27 15:50,387.0,230.0,211.0,313.0,134.0,406.0,359.0,516.0,219.0,123.0,317.0,220.0,452.0,393.0,152.0,169.0
2025-02-27 15:55,416.0,235.0,213.0,323.0,104.0,426.0,375.0,507.0,218.0,134.0,290.0,228.0,445.0,386.0,158.0,150.0
2025-02-27 16:00,383.0,229.0,228.0,320.0,134.0,405.0,386.0,489.0,211.0,111.0,299.0,224.0,476.0,394.0,163.0,148.0
2025-02-27 16:05,399.0,231.0,229.0,324.0,126.0,402.0,372.0,513.0,208.0,116.0,286.0,212.0,416.0,390.0,156.0,140.0
2025-02-27 16:10,387.0,233.0,215.0,316.0,110.0,390.0,377.0,498.0,204.0,127.0,308.0,251.0,456.0,384.0,147.0,148.0
2025-02-27 16:15,480.0,231.0,211.0,312.0,113.0,404.0,347.0,493.0,194.0,84.0,302.0,207.0,458.0,394.0,141.0,138.0
2025-02-27 16:20,418.0,245.0,214.0,332.0,109.0,402.0,350.0,529.0,225.0,91.0,328.0,217.0,461.0,393.0,151.0,150.0
2025-02-27 16:25,420.0,240.0,209.0,320.0,124.0,429.0,338.0,521.0,210.0,130.0,323.0,216.0,458.0,396.0,142.0,169.0
2025-02-27 16:30,381.0,236.0,210.0,297.0,102.0,403.0,355.0,503.0,206.0,99.0,296.0,230.0,473.0,375.0,154.0,149.0
2025-02-27 16:35,391.0,235.0,207.0,318.0,125.0,408.0,371.0,526.0,209.0,99.0,319.0,233.0,458.0,383.0,140.0,143.0
2025-02-27 16:40,391.0,226.0,233.0,308.0,136.0,416.0,360.0,484.0,198.0,120.0,296.0,222.0,469.0,386.0,146.0,147.0
2025-02-27 16:45,378.0,237.0,229.0,318.0,137.0,400.0,359.0,499.0,235.0,119.0,293.0,244.0,457.0,386.0,140.0,158.0
2025-02-27 16:50,413.0,230.0,211.0,314.0,147.0,410.0,349.0,484.0,212.0,103.0,302.0,255.0,459.0,401.0,148.0,147.0
2025-02-27 16:55,383.0,238.0,210.0,317.0,126.0,404.0,356.0,533.0,208.0,105.0,286.0,221.0,451.0,371.0,147.0,148.0
2025-02-27 17:00,384.0,221.0,221.0,307.0,108.0,404.0,354.0,507.0,207.0,70.0,315.0,233.0,447.0,374.0,169.0,127.0
2025-02-27 17:05,405.0,227.0,206.0,282.0,136.0,393.0,354.0,533.0,200.0,124.0,282.0,219.0,431.0,376.0,161.0,146.0
2025-02-27 17:10,379.0,232.0,230.0,316.0,103.0,402.0,361.0,519.0,199.0,117.0,297.0,215.0,428.0,376.0,156.0,164.0
2025-02-27 17:15,391.0,237.0,211.0,324.0,120.0,395.0,355.0,507.0,210.0,131.0,325.0,216.0,450.0,383.0,110.0,150.0
2025-02-27 17:20,395.0,229.0,238.0,315.0,134.0,387.0,344.0,476.0,232.0,128.0,305.0,220.0,462.0,377.0,144.0,153.0
2025-02-27 17:25,373.0,236.0,211.0,306.0,130.0,407.0,355.0,523.0,219.0,130.0,310.0,242.0,416.0,377.0,152.0,145.0
2025-02-27 17:30,401.0,235.0,225.0,282.0,158.0,403.0,369.0,510.0,211.0,111.0,304.0,233.0,448.0,382.0,141.0,144.0
2025-02-27 17:35,376.0,228.0,221.0,299.0,131.0,416.0,346.0,528.0,205.0,130.0,326.0,217.0,471.0,380.0,160.0,170.0
2025-02-27 17:40,384.0,225.0,228.0,322.0,77.0,383.0,348.0,495.0,208.0,126.0,297.0,238.0,447.0,390.0,143.0,165.0
2025-02-27 17:45,391.0,228.0,220.0,290.0,114.0,390.0,345.0,462.0,203.0,108.0,311.0,226.0,488.0,379.0,151.0,152.0
2025-02-27 17:50,461.0,235.0,221.0,296.0,109.0,406.0,341.0,495.0,223.0,96.0,303.0,212.0,452.0,377.0,161.0,153.0
2025-02-27 17:55,386.0,235.0,212.0,297.0,132.0,399.0,367.0,527.0,213.0,124.0,283.0,232.0,449.0,393.0,156.0,139.0
2025-02-27 18:00,383.0,228.0,216.0,287.0,127.0,400.0,365.0,511.0,205.0,102.0,323.0,218.0,478.0,397.0,171.0,152.0
2025-02-27 18:05,365.0,226.0,228.0,288.0,90.0,397.0,356.0,518.0,204.0,117.0,302.0,218.0,470.0,391.0,136.0,133.0
2025-02-27 18:10,384.0,218.0,235.0,280.0,98.0,418.0,362.0,506.0,232.0,132.0,318.0,231.0,434.0,409.0,157.0,142.0
2025-02-27 18:15,421.0,225.0,202.0,291.0,122.0,406.0,347.0,482.0,214.0,131.0,302.0,234.0,466.0,391.0,155.0,120.0
2025-02-27 18:20,434.0,210.0,231.0,321.0,99.0,393.0,339.0,522.0,204.0,106.0,303.0,214.0,456.0,392.0,153.0,146.0
2025-02-27 18:25,448.0,228.0,225.0,285.0,119.0,423.0,349.0,517.0,204.0,105.0,306.0,222.0,458.0,398.0,167.0,151.0
2025-02-27 18:30,367.0,233.0,209.0,287.0,118.0,395.0,355.0,502.0,222.0,106.0,308.0,217.0,439.0,386.0,139.0,123.0
2025-02-27 18:35,411.0,218.0,217.0,329.0,138.0,381.0,345.0,519.0,217.0,98.0,286.0,238.0,437.0,357.0,128.0,163.0
2025-02-27 18:40,372.0,233.0,217.0,294.0,124.0,390.0,351.0,517.0,207.0,92.0,279.0,221.0,443.0,380.0,151.0,151.0
2025-02-27 18:45,409.0,231.0,206.0,294.0,111.0,397.0,339.0,496.0,221.0,145.0,295.0,224.0,462.0,366.0,139.0,144.0
2025-02-27 18:50,425.0,224.0,212.0,284.0,106.0,405.0,350.0,487.0,199.0,118.0,263.0,256.0,430.0,388.0,151.0,147.0
2025-02-27 18:55,430.0,221.0,216.0,277.0,102.0,387.0,330.0,509.0,203.0,117.0,289.0,232.0,459.0,401.0,160.0,140.0
2025-02-27 19:00,390.0,225.0,204.0,287.0,125.0,400.0,343.0,499.0,179.0,102.0,301.0,273.0,454.0,391.0,154.0,132.0
2025-02-27 19:05,373.0,226.0,218.0,271.0,134.0,390.0,344.0,479.0,199.0,100.0,305.0,225.0,437.0,377.0,140.0,131.0
2025-02-27 19:10,361.0,230.0,207.0,279.0,115.0,404.0,348.0,501.0,217.0,124.0,284.0,269.0,443.0,390.0,148.0,155.0
2025-02-27 19:15,409.0,237.0,222.0,281.0,125.0,405.0,351.0,493.0,218.0,91.0,302.0,232.0,462.0,381.0,161.0,168.0
2025-02-27 19:20,426.0,234.0,228.0,274.0,119.0,411.0,330.0,511.0,230.0,131.0,299.0,224.0,470.0,382.0,142.0,142.0
2025-02-27 19:25,381.0,222.0,234.0,277.0,137.0,418.0,341.0,523.0,212.0,114.0,297.0,241.0,468.0,387.0,139.0,126.0
2025-02-27 19:30,372.0,239.0,226.0,286.0,82.0,389.0,333.0,477.0,205.0,123.0,304.0,226.0,410.0,389.0,162.0,135.0
2025-02-27 19:35,411.0,235.0,203.0,293.0,106.0,402.0,347.0,492.0,209.0,97.0,265.0,225.0,454.0,402.0,161.0,150.0
2025-02-27 19:40,375.0,233.0,218.0,303.0,131.0,383.0,338.0,515.0,191.0,126.0,294.0,249.0,472.0,375.0,146.0,173.0
2025-02-27 19:45,367.0,237.0,222.0,273.0,103.0,391.0,331.0,498.0,197.0,105.0,306.0,243.0,431.0,388.0,153.0,147.0
2025-02-27 19:50,370.0,220.0,225.0,279.0,140.0,406.0,339.0,487.0,220.0,125.0,283.0,238.0,437.0,391.0,145.0,146.0
2025-02-27 19:55,383.0,230.0,233.0,301.0,126.0,397.0,338.0,494.0,203.0,130.0,267.0,226.0,453.0,390.0,158.0,150.0
2025-02-27 20:00,353.0,227.0,209.0,273.0,105.0,382.0,337.0,499.0,205.0,99.0,318.0,226.0,463.0,400.0,147.0,163.0
2025-02-27 20:05,373.0,239.0,204.0,274.0,130.0,376.0,340.0,504.0,217.0,105.0,308.0,222.0,433.0,398.0,147.0,141.0
2025-02-27 20:10,364.0,225.0,212.0,260.0,106.0,398.0,337.0,504.0,207.0,90.0,298.0,243.0,434.0,377.0,151.0,137.0
2025-02-27 20:15,379.0,226.0,205.0,270.0,128.0,406.0,337.0,528.0,191.0,126.0,268.0,214.0,445.0,399.0,173.0,169.0
2025-02-27 20:20,370.0,218.0,199.0,272.0,133.0,402.0,335.0,523.0,194.0,91.0,306.0,255.0,419.0,395.0,148.0,159.0
2025-02-27 20:25,407.0,228.0,179.0,263.0,109.0,390.0,329.0,495.0,202.0,93.0,289.0,216.0,457.0,402.0,152.0,139.0
2025-02-27 20:30,354.0,232.0,181.0,259.0,131.0,400.0,325.0,510.0,209.0,87.0,302.0,217.0,433.0,385.0,139.0,157.0
2025-02-27 20:35,398.0,229.0,227.0,297.0,116.0,410.0,327.0,505.0,195.0,119.0,293.0,208.0,418.0,402.0,144.0,129.0
2025-02-27 20:40,400.0,233.0,199.0,281.0,121.0,394.0,333.0,493.0,202.0,94.0,297.0,263.0,461.0,393.0,152.0,134.0
2025-02-27 20:45,379.0,239.0,197.0,258.0,113.0,412.0,347.0,513.0,188.0,129.0,250.0,243.0,404.0,386.0,165.0,136.0
2025-02-27 20:50,393.0,222.0,203.0,303.0,141.0,385.0,340.0,506.0,209.0,70.0,304.0,229.0,417.0,368.0,148.0,165.0
2025-02-27 20:55,375.0,229.0,213.0,266.0,130.0,399.0,343.0,504.0,200.0,91.0,289.0,221.0,435.0,401.0,164.0,139.0
2025-02-27 21:00,398.0,227.0,220.0,263.0,113.0,391.0,323.0,482.0,214.0,136.0,301.0,255.0,437.0,368.0,164.0,163.0
2025-02-28 09:05,426.0,241.0,209.0,331.0,110.0,427.0,371.0,527.0,235.0,113.0,343.0,246.0,459.0,411.0,167.0,190.0
2025-02-28 09:10,390.0,240.0,232.0,296.0,97.0,412.0,380.0,534.0,243.0,144.0,318.0,243.0,467.0,387.0,165.0,128.0
2025-02-28 09:15,376.0,243.0,213.0,289.0,105.0,417.0,363.0,501.0,221.0,129.0,325.0,251.0,433.0,389.0,157.0,167.0
2025-02-28 09:20,380.0,239.0,241.0,289.0,95.0,398.0,361.0,527.0,236.0,71.0,322.0,229.0,463.0,386.0,166.0,159.0
2025-02-28 09:25,415.0,202.0,227.0,288.0,107.0,389.0,365.0,534.0,235.0,93.0,324.0,221.0,459.0,393.0,156.0,159.0
2025-02-28 09:30,416.0,228.0,247.0,296.0,94.0,415.0,377.0,532.0,243.0,123.0,322.0,240.0,460.0,381.0,161.0,144.0
2025-02-28 09:35,368.0,241.0,190.0,284.0,112.0,417.0,376.0,553.0,250.0,95.0,312.0,246.0,458.0,379.0,148.0,160.0
2025-02-28 09:40,409.0,246.0,206.0,321.0,119.0,406.0,374.0,538.0,241.0,102.0,323.0,253.0,460.0,390.0,152.0,180.0
2025-02-28 09:45,384.0,224.0,231.0,286.0,132.0,410.0,384.0,523.0,241.0,124.0,281.0,244.0,465.0,370.0,146.0,168.0
2025-02-28 09:50,404.0,241.0,217.0,292.0,110.0,416.0,378.0,549.0,252.0,92.0,340.0,221.0,439.0,361.0,158.0,154.0
2025-02-28 09:55,397.0,236.0,200.0,330.0,132.0,423.0,387.0,560.0,251.0,99.0,302.0,223.0,480.0,393.0,144.0,163.0
2025-02-28 10:00,391.0,238.0,234.0,301.0,106.0,407.0,378.0,515.0,263.0,120.0,291.0,221.0,484.0,391.0,164.0,158.0
2025-02-28 10:05,409.0,258.0,215.0,311.0,136.0,421.0,393.0,572.0,273.0,129.0,317.0,221.0,479.0,397.0,151.0,157.0
2025-02-28 10:10,385.0,246.0,240.0,292.0,95.0,432.0,410.0,527.0,274.0,96.0,324.0,247.0,482.0,378.0,133.0,162.0
2025-02-28 10:15,407.0,230.0,235.0,292.0,125.0,424.0,403.0,566.0,264.0,85.0,329.0,214.0,480.0,399.0,153.0,165.0
2025-02-28 10:20,411.0,249.0,245.0,300.0,106.0,409.0,398.0,557.0,257.0,89.0,347.0,223.0,468.0,403.0,153.0,160.0
2025-02-28 10:25,449.0,251.0,232.0,298.0,126.0,422.0,391.0,519.0,275.0,129.0,293.0,228.0,467.0,366.0,158.0,186.0
2025-02-28 10:30,384.0,258.0,219.0,292.0,127.0,443.0,421.0,541.0,263.0,135.0,352.0,216.0,467.0,410.0,160.0,159.0
2025-02-28 10:35,506.0,252.0,229.0,281.0,123.0,430.0,416.0,540.0,257.0,101.0,352.0,252.0,469.0,392.0,149.0,163.0
2025-02-28 10:40,381.0,243.0,248.0,294.0,130.0,416.0,413.0,549.0,251.0,111.0,333.0,220.0,498.0,376.0,158.0,165.0
2025-02-28 10:45,404.0,237.0,246.0,303.0,109.0,418.0,404.0,531.0,271.0,103.0,339.0,247.0,489.0,405.0,153.0,155.0
2025-02-28 10:50,384.0,238.0,246.0,305.0,93.0,422.0,384.0,553.0,261.0,109.0,338.0,232.0,479.0,383.0,151.0,148.0
2025-02-28 10:55,443.0,253.0,233.0,279.0,98.0,435.0,395.0,527.0,264.0,125.0,329.0,218.0,514.0,398.0,168.0,148.0
2025-02-28 11:00,408.0,245.0,217.0,297.0,100.0,438.0,384.0,553.0,276.0,134.0,350.0,225.0,479.0,380.0,184.0,148.0
2025-02-28 11:05,404.0,239.0,231.0,294.0,126.0,439.0,408.0,540.0,265.0,96.0,321.0,219.0,487.0,393.0,151.0,187.0
2025-02-28 11:10,447.0,237.0,246.0,292.0,102.0,429.0,403.0,561.0,258.0,100.0,348.0,247.0,483.0,391.0,164.0,179.0
2025-02-28 11:15,407.0,256.0,229.0,315.0,110.0,414.0,419.0,561.0,256.0,113.0,349.0,237.0,487.0,396.0,163.0,164.0
2025-02-28 11:20,385.0,239.0,219.0,331.0,149.0,443.0,392.0,534.0,265.0,93.0,349.0,253.0,505.0,402.0,142.0,167.0
2025-02-28 11:25,407.0,257.0,242.0,299.0,143.0,424.0,400.0,541.0,249.0,95.0,334.0,235.0,490.0,411.0,157.0,176.0
2025-02-28 11:30,397.0,255.0,212.0,298.0,97.0,415.0,398.0,533.0,269.0,127.0,311.0,267.0,486.0,400.0,156.0,162.0
2025-02-28 11:35,409.0,251.0,205.0,321.0,98.0,432.0,395.0,522.0,271.0,124.0,342.0,233.0,488.0,379.0,149.0,165.0
2025-02-28 11:40,394.0,264.0,230.0,289.0,111.0,457.0,402.0,519.0,265.0,88.0,327.0,234.0,500.0,382.0,147.0,150.0
2025-02-28 11:45,399.0,268.0,219.0,285.0,135.0,434.0,408.0,554.0,277.0,85.0,333.0,239.0,501.0,384.0,163.0,175.0
2025-02-28 11:50,425.0,269.0,254.0,334.0,100.0,428.0,420.0,569.0,271.0,87.0,348.0,236.0,469.0,377.0,143.0,183.0
2025-02-28 11:55,446.0,248.0,257.0,283.0,101.0,447.0,415.0,534.0,275.0,111.0,347.0,231.0,482.0,416.0,149.0,168.0
2025-02-28 12:00,397.0,219.0,233.0,309.0,108.0,425.0,395.0,557.0,271.0,87.0,355.0,231.0,449.0,421.0,150.0,164.0
2025-02-28 12:05,447.0,255.0,246.0,313.0,126.0,442.0,403.0,550.0,266.0,128.0,352.0,223.0,450.0,422.0,157.0,176.0
2025-02-28 12:10,399.0,236.0,231.0,298.0,124.0,453.0,415.0,572.0,264.0,117.0,356.0,247.0,505.0,399.0,151.0,162.0
2025-02-28 12:15,448.0,252.0,236.0,336.0,134.0,473.0,425.0,553.0,280.0,125.0,331.0,248.0,498.0,392.0,157.0,159.0
2025-02-28 12:20,403.0,254.0,232.0,305.0,108.0,459.0,426.0,555.0,263.0,88.0,357.0,292.0,480.0,402.0,165.0,185.0
2025-02-28 12:25,402.0,262.0,253.0,301.0,110.0,460.0,402.0,565.0,274.0,118.0,348.0,263.0,514.0,430.0,147.0,164.0
2025-02-28 12:30,423.0,250.0,252.0,319.0,98.0,451.0,420.0,535.0,267.0,97.0,344.0,239.0,485.0,386.0,152.0,169.0
2025-02-28 12:35,484.0,246.0,231.0,320.0,122.0,435.0,384.0,544.0,281.0,126.0,353.0,226.0,506.0,424.0,163.0,171.0
2025-02-28 12:40,405.0,258.0,231.0,306.0,130.0,467.0,451.0,551.0,288.0,105.0,362.0,246.0,501.0,415.0,151.0,183.0
2025-02-28 12:45,396.0,260.0,274.0,298.0,146.0,449.0,415.0,544.0,293.0,98.0,359.0,236.0,487.0,403.0,142.0,189.0
2025-02-28 12:50,399.0,268.0,241.0,359.0,114.0,469.0,408.0,554.0,274.0,75.0,362.0,232.0,486.0,410.0,145.0,169.0
2025-02-28 12:55,399.0,253.0,251.0,306.0,100.0,477.0,424.0,553.0,283.0,82.0,350.0,262.0,468.0,402.0,143.0,157.0
2025-02-28 13:00,427.0,249.0,247.0,336.0,105.0,471.0,388.0,554.0,274.0,122.0,336.0,277.0,487.0,410.0,155.0,148.0
2025-02-28 13:05,404.0,248.0,246.0,335.0,123.0,471.0,413.0,537.0,260.0,111.0,350.0,230.0,525.0,425.0,138.0,183.0
2025-02-28 13:10,401.0,252.0,236.0,333.0,84.0,452.0,405.0,567.0,290.0,75.0,345.0,246.0,463.0,410.0,155.0,173.0
2025-02-28 13:15,401.0,252.0,242.0,331.0,112.0,434.0,416.0,517.0,279.0,97.0,352.0,246.0,491.0,391.0,156.0,178.0
2025-02-28 13:20,435.0,244.0,252.0,333.0,123.0,439.0,411.0,539.0,267.0,125.0,349.0,257.0,484.0,402.0,171.0,184.0
2025-02-28 13:25,394.0,246.0,213.0,320.0,92.0,441.0,404.0,520.0,260.0,122.0,340.0,249.0,485.0,410.0,163.0,186.0
2025-02-28 13:30,443.0,248.0,235.0,330.0,104.0,439.0,418.0,543.0,257.0,87.0,337.0,248.0,468.0,413.0,157.0,169.0
2025-02-28 13:35,394.0,243.0,220.0,325.0,126.0,454.0,409.0,513.0,253.0,96.0,361.0,226.0,513.0,413.0,137.0,172.0
2025-02-28 13:40,416.0,250.0,247.0,324.0,109.0,440.0,400.0,543.0,260.0,97.0,315.0,237.0,515.0,414.0,151.0,174.0
2025-02-28 13:45,425.0,250.0,244.0,328.0,103.0,445.0,407.0,523.0,244.0,118.0,339.0,292.0,467.0,407.0,145.0,181.0
2025-02-28 13:50,415.0,254.0,247.0,295.0,89.0,427.0,406.0,513.0,271.0,133.0,334.0,251.0,489.0,401.0,162.0,179.0
2025-02-28 13:55,404.0,240.0,225.0,334.0,118.0,398.0,406.0,508.0,247.0,120.0,328.0,247.0,501.0,386.0,156.0,139.0
2025-02-28 14:00,410.0,249.0,205.0,295.0,90.0,423.0,393.0,517.0,251.0,102.0,317.0,255.0,455.0,412.0,167.0,189.0
2025-02-28 14:05,411.0,244.0,241.0,305.0,127.0,429.0,398.0,512.0,244.0,132.0,308.0,236.0,467.0,408.0,136.0,173.0
2025-02-28 14:10,442.0,238.0,210.0,306.0,131.0,409.0,410.0,517.0,251.0,89.0,345.0,241.0,474.0,418.0,156.0,184.0
2025-02-28 14:15,414.0,256.0,226.0,317.0,99.0,435.0,393.0,530.0,255.0,83.0,346.0,236.0,478.0,408.0,161.0,160.0
2025-02-28 14:20,407.0,254.0,224.0,313.0,106.0,426.0,390.0,522.0,247.0,94.0,340.0,248.0,471.0,423.0,147.0,158.0
2025-02-28 14:25,417.0,262.0,234.0,300.0,121.0,413.0,411.0,529.0,259.0,97.0,342.0,253.0,485.0,407.0,146.0,168.0
2025-02-28 14:30,442.0,245.0,233.0,305.0,106.0,421.0,382.0,519.0,259.0,123.0,347.0,248.0,508.0,418.0,141.0,171.0
2025-02-28 14:35,411.0,241.0,219.0,320.0,94.0,429.0,391.0,532.0,246.0,101.0,322.0,242.0,497.0,398.0,166.0,173.0
2025-02-28 14:40,415.0,254.0,234.0,325.0,109.0,447.0,418.0,519.0,261.0,110.0,344.0,278.0,476.0,420.0,158.0,177.0
2025-02-28 14:45,408.0,262.0,246.0,341.0,100.0,429.0,395.0,502.0,250.0,111.0,314.0,257.0,479.0,408.0,147.0,191.0
2025-02-28 14:50,407.0,253.0,216.0,318.0,99.0,439.0,386.0,514.0,254.0,120.0,335.0,270.0,468.0,401.0,165.0,167.0
2025-02-28 14:55,400.0,250.0,225.0,305.0,107.0,426.0,409.0,525.0,249.0,95.0,353.0,283.0,474.0,431.0,149.0,183.0
2025-02-28 15:00,430.0,256.0,234.0,310.0,105.0,415.0,401.0,518.0,259.0,123.0,342.0,251.0,478.0,412.0,148.0,190.0
2025-02-28 15:05,405.0,249.0,240.0,337.0,94.0,424.0,395.0,521.0,256.0,126.0,346.0,242.0,472.0,417.0,135.0,207.0
2025-02-28 15:10,428.0,264.0,205.0,320.0,93.0,433.0,405.0,536.0,265.0,127.0,351.0,239.0,487.0,429.0,161.0,170.0
2025-02-28 15:15,406.0,247.0,226.0,303.0,93.0,419.0,407.0,493.0,255.0,87.0,348.0,279.0,498.0,401.0,133.0,177.0
2025-02-28 15:20,490.0,259.0,229.0,334.0,99.0,417.0,400.0,505.0,233.0,126.0,342.0,254.0,493.0,416.0,156.0,170.0
2025-02-28 15:25,419.0,256.0,249.0,311.0,110.0,427.0,398.0,511.0,266.0,141.0,369.0,245.0,494.0,426.0,150.0,184.0
2025-02-28 15:30,408.0,241.0,225.0,306.0,140.0,410.0,395.0,542.0,254.0,103.0,350.0,238.0,484.0,420.0,165.0,178.0
2025-02-28 15:35,391.0,251.0,236.0,311.0,104.0,423.0,395.0,533.0,264.0,126.0,333.0,243.0,460.0,401.0,156.0,175.0
2025-02-28 15:40,427.0,249.0,216.0,317.0,125.0,433.0,389.0,537.0,248.0,98.0,316.0,277.0,461.0,388.0,168.0,194.0
2025-02-28 15:45,396.0,251.0,226.0,302.0,129.0,419.0,386.0,519.0,241.0,117.0,337.0,230.0,484.0,431.0,158.0,203.0
2025-02-28 15:50,393.0,253.0,231.0,303.0,107.0,432.0,405.0,549.0,255.0,124.0,319.0,282.0,470.0,402.0,158.0,173.0
2025-02-28 15:55,409.0,261.0,203.0,296.0,115.0,420.0,392.0,521.0,255.0,114.0,313.0,252.0,486.0,406.0,171.0,172.0
2025-02-28 16:00,393.0,249.0,226.0,297.0,111.0,417.0,403.0,518.0,252.0,126.0,341.0,261.0,460.0,426.0,149.0,150.0
2025-02-28 16:05,420.0,252.0,220.0,326.0,102.0,422.0,391.0,521.0,250.0,87.0,351.0,257.0,468.0,401.0,148.0,151.0
2025-02-28 16:10,415.0,253.0,210.0,289.0,111.0,425.0,397.0,536.0,259.0,119.0,309.0,242.0,479.0,401.0,150.0,169.0
2025-02-28 16:15,406.0,254.0,214.0,317.0,107.0,420.0,393.0,538.0,243.0,87.0,320.0,257.0,498.0,411.0,146.0,195.0
2025-02-28 16:20,444.0,254.0,210.0,307.0,103.0,427.0,397.0,537.0,248.0,114.0,323.0,254.0,478.0,395.0,147.0,166.0
2025-02-28 16:25,404.0,256.0,187.0,293.0,121.0,418.0,379.0,560.0,240.0,123.0,318.0,248.0,503.0,385.0,156.0,191.0
2025-02-28 16:30,393.0,254.0,210.0,287.0,111.0,429.0,392.0,550.0,239.0,122.0,314.0,270.0,472.0,415.0,161.0,162.0
2025-02-28 16:35,425.0,259.0,225.0,293.0,102.0,423.0,380.0,509.0,259.0,121.0,331.0,262.0,448.0,390.0,147.0,177.0
2025-02-28 16:40,408.0,254.0,217.0,293.0,109.0,426.0,376.0,535.0,249.0,104.0,337.0,246.0,496.0,411.0,159.0,173.0
2025-02-28 16:45,423.0,248.0,214.0,289.0,106.0,416.0,393.0,519.0,230.0,126.0,329.0,245.0,464.0,416.0,160.0,180.0
2025-02-28 16:50,419.0,240.0,229.0,293.0,84.0,425.0,362.0,539.0,238.0,132.0,339.0,237.0,474.0,387.0,173.0,170.0
2025-02-28 16:55,401.0,241.0,228.0,285.0,102.0,413.0,375.0,507.0,236.0,124.0,323.0,257.0,479.0,402.0,150.0,175.0
2025-02-28 17:00,426.0,253.0,262.0,303.0,97.0,415.0,386.0,516.0,238.0,125.0,327.0,246.0,479.0,406.0,147.0,174.0
2025-02-28 17:05,427.0,248.0,249.0,292.0,107.0,421.0,370.0,515.0,237.0,120.0,321.0,261.0,480.0,426.0,149.0,188.0
2025-02-28 17:10,418.0,247.0,225.0,298.0,115.0,429.0,395.0,529.0,249.0,130.0,329.0,244.0,447.0,408.0,154.0,191.0
2025-02-28 17:15,404.0,255.0,229.0,301.0,98.0,406.0,383.0,537.0,248.0,122.0,326.0,275.0,440.0,410.0,160.0,203.0
2025-02-28 17:20,416.0,244.0,216.0,308.0,99.0,410.0,388.0,519.0,246.0,94.0,329.0,256.0,482.0,417.0,147.0,173.0
2025-02-28 17:25,411.0,258.0,241.0,289.0,113.0,429.0,379.0,526.0,213.0,103.0,332.0,251.0,481.0,415.0,143.0,174.0
2025-02-28 17:30,424.0,243.0,202.0,297.0,130.0,413.0,385.0,536.0,231.0,91.0,329.0,248.0,456.0,425.0,153.0,166.0
2025-02-28 17:35,409.0,259.0,224.0,311.0,104.0,412.0,376.0,512.0,242.0,91.0,318.0,249.0,490.0,411.0,152.0,173.0
2025-02-28 17:40,392.0,254.0,240.0,303.0,93.0,406.0,378.0,519.0,248.0,100.0,314.0,242.0,483.0,400.0,146.0,151.0
2025-02-28 17:45,413.0,252.0,224.0,308.0,94.0,433.0,376.0,503.0,238.0,79.0,310.0,251.0,484.0,404.0,149.0,180.0
2025-02-28 17:50,399.0,254.0,220.0,291.0,104.0,430.0,371.0,518.0,222.0,99.0,332.0,274.0,479.0,422.0,135.0,161.0
2025-02-28 17:55,425.0,236.0,251.0,291.0,103.0,429.0,377.0,549.0,234.0,86.0,312.0,247.0,488.0,386.0,153.0,169.0
2025-02-28 18:00,400.0,242.0,239.0,311.0,102.0,430.0,363.0,504.0,237.0,94.0,326.0,264.0,484.0,402.0,142.0,162.0
2025-02-28 18:05,395.0,249.0,229.0,303.0,103.0,417.0,366.0,518.0,224.0,93.0,309.0,267.0,467.0,412.0,151.0,140.0
2025-02-28 18:10,384.0,251.0,248.0,289.0,108.0,415.0,379.0,496.0,219.0,86.0,323.0,263.0,488.0,429.0,152.0,142.0
2025-02-28 18:15,402.0,231.0,235.0,296.0,130.0,418.0,380.0,513.0,224.0,66.0,307.0,253.0,481.0,412.0,158.0,169.0
2025-02-28 18:20,402.0,263.0,240.0,288.0,105.0,420.0,376.0,521.0,237.0,121.0,337.0,253.0,469.0,409.0,148.0,158.0
2025-02-28 18:25,400.0,252.0,229.0,291.0,102.0,422.0,378.0,527.0,214.0,114.0,328.0,304.0,484.0,403.0,165.0,155.0
2025-02-28 18:30,394.0,257.0,218.0,325.0,108.0,416.0,369.0,531.0,214.0,115.0,304.0,278.0,479.0,415.0,154.0,167.0
2025-02-28 18:35,394.0,250.0,231.0,286.0,97.0,420.0,373.0,529.0,238.0,126.0,316.0,236.0,471.0,411.0,169.0,162.0
2025-02-28 18:40,402.0,242.0,224.0,311.0,111.0,418.0,361.0,520.0,227.0,97.0,300.0,281.0,452.0,419.0,151.0,180.0
2025-02-28 18:45,371.0,242.0,244.0,291.0,111.0,415.0,379.0,516.0,227.0,87.0,327.0,240.0,442.0,399.0,167.0,148.0
2025-02-28 18:50,411.0,246.0,247.0,298.0,107.0,428.0,360.0,525.0,212.0,100.0,334.0,283.0,433.0,420.0,164.0,172.0
2025-02-28 18:55,439.0,240.0,223.0,328.0,105.0,448.0,354.0,527.0,217.0,129.0,312.0,269.0,489.0,413.0,153.0,162.0
2025-02-28 19:00,386.0,244.0,244.0,303.0,93.0,422.0,370.0,496.0,214.0,126.0,316.0,251.0,424.0,398.0,125.0,162.0
2025-02-28 19:05,400.0,240.0,198.0,296.0,107.0,411.0,362.0,507.0,227.0,120.0,313.0,290.0,481.0,388.0,153.0,163.0
2025-02-28 19:10,449.0,242.0,250.0,304.0,110.0,429.0,374.0,526.0,222.0,113.0,321.0,249.0,444.0,401.0,164.0,171.0
2025-02-28 19:15,408.0,252.0,194.0,294.0,128.0,416.0,376.0,491.0,227.0,95.0,331.0,262.0,462.0,409.0,146.0,148.0
2025-02-28 19:20,382.0,235.0,237.0,320.0,97.0,425.0,367.0,511.0,235.0,121.0,308.0,268.0,480.0,400.0,138.0,153.0
2025-02-28 19:25,389.0,245.0,207.0,298.0,79.0,423.0,366.0,518.0,235.0,90.0,325.0,262.0,451.0,398.0,130.0,162.0
2025-02-28 19:30,432.0,247.0,229.0,291.0,131.0,409.0,386.0,520.0,226.0,105.0,310.0,258.0,459.0,391.0,158.0,183.0
2025-02-28 19:35,414.0,244.0,233.0,298.0,102.0,419.0,379.0,484.0,220.0,120.0,312.0,267.0,424.0,417.0,154.0,164.0
2025-02-28 19:40,430.0,249.0,251.0,290.0,117.0,409.0,358.0,522.0,207.0,103.0,320.0,261.0,443.0,407.0,160.0,149.0
2025-02-28 19:45,396.0,260.0,246.0,296.0,103.0,427.0,375.0,515.0,232.0,81.0,316.0,248.0,408.0,387.0,167.0,155.0
2025-02-28 19:50,415.0,250.0,229.0,278.0,123.0,423.0,372.0,528.0,216.0,107.0,303.0,280.0,449.0,420.0,153.0,156.0
2025-02-28 19:55,399.0,253.0,227.0,294.0,117.0,417.0,367.0,520.0,227.0,70.0,315.0,275.0,480.0,414.0,166.0,148.0
2025-02-28 20:00,392.0,248.0,241.0,280.0,114.0,413.0,385.0,515.0,219.0,70.0,304.0,262.0,453.0,424.0,159.0,187.0
2025-02-28 20:05,395.0,240.0,223.0,283.0,108.0,427.0,372.0,511.0,224.0,92.0,308.0,259.0,445.0,407.0,165.0,170.0
2025-02-28 20:10,411.0,256.0,216.0,288.0,123.0,433.0,362.0,507.0,218.0,95.0,318.0,269.0,470.0,410.0,156.0,149.0
2025-02-28 20:15,399.0,247.0,220.0,289.0,123.0,449.0,374.0,534.0,216.0,122.0,314.0,253.0,481.0,398.0,173.0,184.0
2025-02-28 20:20,374.0,248.0,224.0,286.0,111.0,408.0,365.0,516.0,235.0,121.0,304.0,240.0,467.0,416.0,175.0,161.0
2025-02-28 20:25,406.0,249.0,210.0,282.0,104.0,419.0,357.0,510.0,231.0,89.0,308.0,293.0,457.0,412.0,156.0,167.0
2025-02-28 20:30,412.0,250.0,223.0,295.0,110.0,409.0,358.0,529.0,225.0,127.0,273.0,246.0,446.0,404.0,165.0,177.0
2025-02-28 20:35,387.0,258.0,208.0,275.0,111.0,427.0,365.0,499.0,216.0,92.0,272.0,303.0,468.0,400.0,149.0,157.0
2025-02-28 20:40,405.0,235.0,235.0,298.0,133.0,474.0,356.0,529.0,218.0,113.0,304.0,233.0,433.0,405.0,145.0,165.0
2025-02-28 20:45,395.0,247.0,211.0,325.0,141.0,435.0,359.0,527.0,234.0,128.0,308.0,290.0,488.0,385.0,151.0,157.0
2025-02-28 20:50,385.0,246.0,225.0,287.0,109.0,399.0,359.0,505.0,220.0,85.0,297.0,235.0,465.0,411.0,164.0,169.0
2025-02-28 20:55,411.0,248.0,215.0,289.0,131.0,415.0,372.0,522.0,227.0,88.0,296.0,260.0,457.0,410.0,171.0,174.0
2025-02-28 21:00,402.0,232.0,213.0,293.0,109.0,423.0,362.0,516.0,222.0,111.0,297.0,243.0,455.0,400.0,154.0,174.0
2025-03-01 14:00,406.0,250.0,251.0,304.0,102.0,453.0,416.0,574.0,264.0,76.0,357.0,266.0,458.0,392.0,149.0,185.0
2025-03-01 14:05,410.0,264.0,246.0,287.0,82.0,443.0,422.0,588.0,264.0,80.0,342.0,241.0,482.0,429.0,151.0,177.0
2025-03-01 14:10,412.0,270.0,236.0,342.0,104.0,435.0,422.0,588.0,266.0,131.0,325.0,240.0,466.0,401.0,159.0,193.0
2025-03-01 14:15,427.0,255.0,221.0,308.0,93.0,449.0,407.0,532.0,266.0,95.0,329.0,300.0,490.0,416.0,166.0,186.0
2025-03-01 14:20,415.0,259.0,247.0,312.0,138.0,437.0,397.0,605.0,262.0,86.0,356.0,280.0,498.0,422.0,160.0,183.0
2025-03-01 14:25,406.0,248.0,242.0,316.0,114.0,450.0,399.0,565.0,261.0,64.0,373.0,286.0,499.0,381.0,156.0,187.0
2025-03-01 14:30,427.0,248.0,246.0,300.0,95.0,454.0,428.0,562.0,268.0,78.0,363.0,288.0,487.0,413.0,167.0,177.0
2025-03-01 14:35,433.0,259.0,231.0,318.0,102.0,445.0,421.0,577.0,273.0,114.0,368.0,267.0,484.0,419.0,157.0,169.0
2025-03-01 14:40,416.0,255.0,226.0,304.0,111.0,438.0,429.0,607.0,268.0,90.0,352.0,269.0,509.0,424.0,169.0,178.0
2025-03-01 14:45,422.0,262.0,222.0,302.0,132.0,457.0,424.0,570.0,276.0,95.0,369.0,295.0,494.0,422.0,152.0,195.0
2025-03-01 14:50,419.0,267.0,219.0,300.0,99.0,433.0,423.0,577.0,277.0,55.0,373.0,257.0,495.0,389.0,154.0,196.0
2025-03-01 14:55,419.0,262.0,252.0,309.0,99.0,455.0,410.0,574.0,261.0,88.0,331.0,246.0,474.0,435.0,139.0,192.0
2025-03-01 15:00,434.0,257.0,225.0,283.0,103.0,450.0,407.0,567.0,270.0,106.0,350.0,296.0,515.0,401.0,155.0,188.0
2025-03-01 15:05,425.0,257.0,217.0,293.0,119.0,438.0,417.0,562.0,292.0,60.0,392.0,291.0,487.0,420.0,147.0,179.0
2025-03-01 15:10,430.0,264.0,256.0,310.0,118.0,438.0,417.0,590.0,288.0,102.0,339.0,256.0,474.0,406.0,141.0,188.0
2025-03-01 15:15,393.0,247.0,240.0,313.0,99.0,444.0,407.0,567.0,283.0,64.0,343.0,284.0,501.0,407.0,170.0,187.0
2025-03-01 15:20,460.0,254.0,256.0,297.0,95.0,453.0,415.0,557.0,276.0,109.0,362.0,284.0,495.0,412.0,151.0,184.0
2025-03-01 15:25,438.0,272.0,235.0,305.0,100.0,445.0,410.0,556.0,281.0,89.0,338.0,267.0,494.0,432.0,158.0,182.0
2025-03-01 15:30,441.0,254.0,248.0,305.0,92.0,442.0,421.0,558.0,278.0,105.0,341.0,281.0,476.0,396.0,164.0,185.0
2025-03-01 15:35,486.0,263.0,229.0,319.0,113.0,452.0,398.0,617.0,277.0,118.0,364.0,284.0,491.0,421.0,143.0,175.0
2025-03-01 15:40,440.0,253.0,238.0,306.0,89.0,459.0,441.0,581.0,278.0,70.0,365.0,282.0,470.0,425.0,153.0,181.0
2025-03-01 15:45,426.0,249.0,201.0,304.0,121.0,444.0,407.0,531.0,280.0,88.0,340.0,270.0,467.0,397.0,160.0,192.0
2025-03-01 15:50,430.0,270.0,231.0,316.0,107.0,442.0,397.0,576.0,276.0,102.0,370.0,264.0,495.0,414.0,156.0,174.0
2025-03-01 15:55,418.0,265.0,241.0,300.0,94.0,457.0,424.0,595.0,280.0,114.0,339.0,255.0,491.0,419.0,174.0,206.0
2025-03-01 16:00,414.0,256.0,261.0,305.0,105.0,472.0,424.0,589.0,293.0,81.0,338.0,273.0,475.0,421.0,138.0,197.0
2025-03-01 16:05,418.0,280.0,268.0,303.0,95.0,440.0,417.0,600.0,279.0,90.0,373.0,261.0,504.0,420.0,149.0,181.0
2025-03-01 16:10,434.0,268.0,245.0,322.0,111.0,469.0,425.0,586.0,275.0,88.0,378.0,252.0,498.0,404.0,163.0,177.0
2025-03-01 16:15,419.0,268.0,255.0,325.0,127.0,467.0,427.0,619.0,285.0,79.0,336.0,261.0,492.0,407.0,161.0,186.0
2025-03-01 16:20,423.0,273.0,232.0,324.0,102.0,444.0,418.0,576.0,277.0,98.0,361.0,253.0,486.0,428.0,145.0,192.0
2025-03-01 16:25,409.0,265.0,243.0,336.0,86.0,447.0,412.0,580.0,291.0,86.0,373.0,293.0,481.0,384.0,152.0,181.0
2025-03-01 16:30,424.0,276.0,253.0,337.0,95.0,456.0,404.0,601.0,277.0,105.0,338.0,280.0,485.0,397.0,154.0,201.0
2025-03-01 16:35,425.0,266.0,257.0,336.0,108.0,445.0,406.0,584.0,271.0,123.0,375.0,251.0,496.0,423.0,172.0,204.0
2025-03-01 16:40,423.0,263.0,222.0,343.0,117.0,460.0,425.0,592.0,288.0,93.0,369.0,246.0,510.0,383.0,142.0,188.0
2025-03-01 16:45,440.0,263.0,236.0,331.0,103.0,459.0,422.0,573.0,293.0,65.0,368.0,257.0,497.0,410.0,173.0,203.0
2025-03-01 16:50,434.0,263.0,219.0,323.0,110.0,441.0,428.0,579.0,289.0,108.0,341.0,253.0,521.0,414.0,169.0,182.0
2025-03-01 16:55,440.0,278.0,244.0,333.0,111.0,468.0,419.0,612.0,285.0,83.0,358.0,240.0,517.0,402.0,142.0,210.0
2025-03-01 17:00,445.0,273.0,234.0,329.0,100.0,457.0,397.0,566.0,280.0,136.0,340.0,254.0,485.0,415.0,165.0,186.0
2025-03-01 17:05,444.0,260.0,240.0,308.0,122.0,454.0,424.0,587.0,287.0,61.0,324.0,293.0,498.0,402.0,164.0,177.0
2025-03-01 17:10,418.0,272.0,249.0,312.0,99.0,458.0,409.0,588.0,296.0,91.0,382.0,248.0,499.0,397.0,167.0,187.0
2025-03-01 17:15,423.0,280.0,257.0,291.0,131.0,443.0,390.0,576.0,276.0,119.0,368.0,271.0,487.0,427.0,169.0,196.0
2025-03-01 17:20,446.0,264.0,238.0,307.0,101.0,446.0,426.0,609.0,292.0,121.0,371.0,270.0,485.0,384.0,171.0,192.0
2025-03-01 17:25,420.0,258.0,248.0,288.0,120.0,466.0,391.0,581.0,272.0,74.0,339.0,265.0,495.0,398.0,151.0,166.0
2025-03-01 17:30,453.0,272.0,258.0,310.0,96.0,434.0,425.0,579.0,272.0,88.0,375.0,274.0,484.0,396.0,153.0,198.0
2025-03-01 17:35,422.0,254.0,274.0,313.0,124.0,451.0,415.0,573.0,290.0,77.0,342.0,265.0,496.0,407.0,157.0,192.0
2025-03-01 17:40,458.0,257.0,251.0,290.0,121.0,462.0,397.0,563.0,283.0,113.0,338.0,270.0,502.0,380.0,162.0,194.0
2025-03-01 17:45,446.0,253.0,244.0,328.0,107.0,447.0,395.0,573.0,277.0,89.0,368.0,251.0,501.0,406.0,161.0,180.0
2025-03-01 17:50,432.0,267.0,232.0,294.0,128.0,425.0,415.0,601.0,278.0,96.0,333.0,246.0,469.0,404.0,134.0,194.0
2025-03-01 17:55,440.0,266.0,255.0,326.0,115.0,440.0,400.0,573.0,281.0,112.0,377.0,261.0,509.0,395.0,154.0,204.0
2025-03-01 18:00,421.0,263.0,255.0,275.0,124.0,457.0,401.0,533.0,276.0,99.0,346.0,256.0,482.0,414.0,155.0,189.0
2025-03-01 18:05,423.0,263.0,234.0,300.0,108.0,453.0,408.0,552.0,285.0,95.0,347.0,247.0,492.0,400.0,169.0,185.0
2025-03-01 18:10,494.0,266.0,269.0,305.0,102.0,461.0,418.0,584.0,276.0,74.0,329.0,291.0,494.0,406.0,176.0,195.0
2025-03-01 18:15,418.0,259.0,239.0,333.0,97.0,466.0,409.0,566.0,281.0,95.0,328.0,284.0,497.0,426.0,168.0,172.0
2025-03-01 18:20,415.0,265.0,233.0,314.0,104.0,452.0,392.0,487.0,271.0,86.0,320.0,258.0,485.0,408.0,149.0,176.0
2025-03-01 18:25,477.0,260.0,251.0,300.0,87.0,455.0,400.0,557.0,269.0,84.0,334.0,258.0,498.0,409.0,169.0,197.0
2025-03-01 18:30,438.0,262.0,228.0,295.0,131.0,437.0,403.0,549.0,269.0,99.0,363.0,246.0,484.0,418.0,152.0,190.0
2025-03-01 18:35,423.0,256.0,238.0,292.0,135.0,452.0,393.0,550.0,278.0,114.0,351.0,252.0,467.0,408.0,161.0,186.0
2025-03-01 18:40,448.0,260.0,243.0,300.0,103.0,445.0,390.0,544.0,258.0,98.0,325.0,271.0,469.0,408.0,163.0,188.0
2025-03-01 18:45,414.0,255.0,236.0,319.0,112.0,452.0,382.0,535.0,264.0,66.0,325.0,265.0,486.0,407.0,161.0,179.0
2025-03-01 18:50,438.0,260.0,218.0,295.0,100.0,440.0,402.0,544.0,259.0,77.0,345.0,262.0,496.0,411.0,152.0,179.0
2025-03-01 18:55,437.0,260.0,238.0,322.0,106.0,444.0,403.0,521.0,264.0,100.0,331.0,283.0,491.0,406.0,148.0,207.0
2025-03-01 19:00,428.0,255.0,220.0,311.0,105.0,458.0,402.0,549.0,266.0,76.0,326.0,262.0,483.0,415.0,166.0,183.0
2025-03-01 19:05,435.0,257.0,245.0,303.0,113.0,455.0,390.0,534.0,263.0,87.0,320.0,254.0,498.0,404.0,170.0,173.0
2025-03-01 19:10,437.0,266.0,214.0,306.0,104.0,448.0,407.0,547.0,275.0,119.0,358.0,275.0,492.0,407.0,154.0,184.0
2025-03-01 19:15,448.0,261.0,235.0,296.0,99.0,438.0,405.0,531.0,265.0,114.0,324.0,257.0,507.0,420.0,169.0,190.0
2025-03-01 19:20,433.0,254.0,238.0,300.0,121.0,438.0,395.0,528.0,263.0,110.0,320.0,253.0,483.0,427.0,155.0,207.0
2025-03-01 19:25,416.0,253.0,214.0,304.0,101.0,456.0,400.0,522.0,255.0,88.0,360.0,255.0,490.0,406.0,153.0,199.0
2025-03-01 19:30,417.0,243.0,222.0,312.0,117.0,436.0,397.0,517.0,260.0,111.0,364.0,252.0,473.0,412.0,160.0,207.0
2025-03-01 19:35,438.0,262.0,240.0,295.0,101.0,433.0,398.0,539.0,268.0,122.0,370.0,262.0,500.0,416.0,175.0,183.0
2025-03-01 19:40,426.0,256.0,215.0,302.0,129.0,456.0,396.0,522.0,257.0,127.0,345.0,258.0,461.0,429.0,166.0,195.0
2025-03-01 19:45,422.0,254.0,215.0,307.0,101.0,439.0,401.0,513.0,263.0,126.0,334.0,277.0,493.0,412.0,165.0,187.0
2025-03-01 19:50,455.0,258.0,250.0,314.0,93.0,446.0,396.0,540.0,260.0,109.0,329.0,297.0,480.0,412.0,168.0,195.0
2025-03-01 19:55,409.0,259.0,216.0,299.0,126.0,439.0,389.0,500.0,263.0,69.0,329.0,258.0,487.0,410.0,171.0,203.0
2025-03-01 20:00,416.0,258.0,225.0,299.0,98.0,449.0,396.0,503.0,256.0,89.0,331.0,288.0,475.0,411.0,175.0,175.0
2025-03-01 20:05,429.0,259.0,218.0,307.0,100.0,437.0,399.0,540.0,261.0,104.0,329.0,256.0,489.0,410.0,175.0,197.0
2025-03-01 20:10,416.0,257.0,207.0,295.0,110.0,443.0,396.0,524.0,256.0,84.0,362.0,254.0,504.0,413.0,156.0,183.0
2025-03-01 20:15,419.0,260.0,209.0,311.0,130.0,417.0,393.0,478.0,261.0,97.0,344.0,294.0,495.0,422.0,159.0,184.0
2025-03-01 20:20,452.0,257.0,214.0,314.0,91.0,429.0,381.0,542.0,249.0,88.0,349.0,291.0,481.0,414.0,135.0,194.0
2025-03-01 20:25,494.0,242.0,242.0,332.0,98.0,415.0,385.0,523.0,252.0,65.0,358.0,269.0,504.0,411.0,139.0,188.0
2025-03-01 20:30,446.0,245.0,236.0,303.0,116.0,441.0,398.0,513.0,254.0,93.0,362.0,265.0,515.0,411.0,152.0,187.0
2025-03-01 20:35,431.0,248.0,231.0,302.0,109.0,451.0,394.0,513.0,259.0,106.0,331.0,253.0,489.0,435.0,168.0,203.0
2025-03-01 20:40,426.0,258.0,230.0,302.0,104.0,433.0,395.0,550.0,263.0,64.0,345.0,239.0,486.0,416.0,143.0,201.0
2025-03-01 20:45,422.0,267.0,219.0,312.0,101.0,452.0,378.0,552.0,265.0,105.0,355.0,242.0,491.0,417.0,170.0,184.0
2025-03-01 20:50,453.0,258.0,207.0,318.0,96.0,428.0,392.0,524.0,248.0,81.0,351.0,258.0,512.0,425.0,156.0,187.0
2025-03-01 20:55,420.0,250.0,263.0,304.0,114.0,450.0,386.0,502.0,262.0,85.0,350.0,301.0,504.0,435.0,157.0,189.0
2025-03-01 21:00,430.0,250.0,221.0,304.0,99.0,429.0,382.0,520.0,256.0,91.0,348.0,271.0,468.0,405.0,154.0,182.0
2025-03-01 21:05,448.0,254.0,238.0,297.0,132.0,433.0,385.0,522.0,268.0,62.0,346.0,254.0,508.0,428.0,162.0,172.0
2025-03-01 21:10,416.0,249.0,243.0,300.0,114.0,448.0,394.0,529.0,264.0,87.0,364.0,276.0,492.0,423.0,147.0,189.0
2025-03-01 21:15,419.0,250.0,207.0,295.0,115.0,411.0,397.0,509.0,256.0,83.0,341.0,241.0,470.0,417.0,165.0,185.0
2025-03-01 21:20,447.0,244.0,236.0,296.0,132.0,443.0,382.0,522.0,258.0,120.0,361.0,259.0,503.0,425.0,158.0,186.0
2025-03-01 21:25,437.0,249.0,219.0,294.0,100.0,434.0,385.0,522.0,245.0,76.0,349.0,262.0,478.0,420.0,170.0,188.0
2025-03-01 21:30,424.0,251.0,245.0,301.0,114.0,431.0,406.0,503.0,245.0,82.0,346.0,244.0,520.0,408.0,165.0,189.0
2025-03-01 21:35,429.0,250.0,220.0,300.0,123.0,433.0,384.0,526.0,247.0,91.0,334.0,258.0,492.0,411.0,154.0,188.0
2025-03-01 21:40,431.0,247.0,225.0,334.0,118.0,437.0,379.0,506.0,251.0,83.0,355.0,314.0,484.0,391.0,154.0,177.0
2025-03-01 21:45,413.0,242.0,214.0,300.0,94.0,423.0,371.0,523.0,247.0,107.0,323.0,279.0,491.0,415.0,170.0,167.0
2025-03-01 21:50,417.0,247.0,226.0,307.0,100.0,440.0,376.0,537.0,251.0,109.0,365.0,257.0,501.0,402.0,157.0,206.0
2025-03-01 21:55,418.0,256.0,238.0,305.0,99.0,408.0,391.0,513.0,245.0,90.0,360.0,255.0,511.0,391.0,155.0,197.0
2025-03-01 22:00,472.0,251.0,226.0,312.0,97.0,436.0,386.0,516.0,250.0,100.0,345.0,287.0,475.0,451.0,163.0,185.0
2025-03-01 22:05,424.0,258.0,209.0,295.0,140.0,416.0,384.0,527.0,242.0,104.0,315.0,259.0,491.0,409.0,178.0,195.0
2025-03-01 22:10,421.0,245.0,213.0,301.0,121.0,428.0,392.0,527.0,247.0,62.0,355.0,267.0,505.0,416.0,148.0,180.0
2025-03-01 22:15,420.0,259.0,230.0,299.0,100.0,428.0,381.0,488.0,248.0,86.0,348.0,272.0,481.0,413.0,179.0,198.0
2025-03-01 22:20,419.0,257.0,207.0,305.0,103.0,430.0,387.0,525.0,235.0,70.0,339.0,283.0,499.0,404.0,161.0,200.0
2025-03-01 22:25,414.0,260.0,210.0,306.0,98.0,424.0,377.0,517.0,238.0,119.0,342.0,248.0,490.0,414.0,154.0,196.0
2025-03-01 22:30,424.0,256.0,246.0,288.0,130.0,431.0,391.0,535.0,254.0,99.0,358.0,260.0,504.0,423.0,168.0,181.0
2025-03-01 22:35,412.0,254.0,208.0,304.0,130.0,423.0,381.0,522.0,236.0,91.0,334.0,265.0,484.0,396.0,157.0,194.0
2025-03-01 22:40,418.0,259.0,217.0,305.0,127.0,418.0,376.0,506.0,232.0,103.0,364.0,282.0,500.0,424.0,171.0,210.0
2025-03-01 22:45,416.0,261.0,232.0,324.0,97.0,426.0,388.0,527.0,241.0,93.0,355.0,267.0,485.0,397.0,169.0,190.0
2025-03-01 22:50,421.0,270.0,229.0,307.0,100.0,421.0,385.0,534.0,236.0,84.0,357.0,289.0,482.0,404.0,153.0,198.0
2025-03-01 22:55,420.0,254.0,236.0,303.0,108.0,410.0,382.0,517.0,251.0,120.0,357.0,257.0,482.0,414.0,162.0,186.0
2025-03-01 23:00,424.0,247.0,232.0,311.0,128.0,417.0,384.0,544.0,243.0,114.0,364.0,272.0,489.0,407.0,151.0,193.0
2025-03-01 23:05,422.0,254.0,235.0,307.0,79.0,418.0,386.0,516.0,229.0,96.0,371.0,259.0,441.0,426.0,149.0,176.0
2025-03-01 23:10,416.0,253.0,228.0,300.0,108.0,417.0,368.0,531.0,240.0,89.0,343.0,295.0,468.0,406.0,158.0,197.0
2025-03-01 23:15,417.0,268.0,241.0,277.0,101.0,422.0,395.0,528.0,233.0,66.0,358.0,260.0,493.0,398.0,158.0,191.0
2025-03-01 23:20,428.0,257.0,218.0,306.0,94.0,416.0,375.0,517.0,236.0,96.0,340.0,262.0,499.0,396.0,172.0,162.0
2025-03-01 23:25,437.0,250.0,220.0,307.0,94.0,444.0,384.0,495.0,237.0,88.0,341.0,272.0,474.0,392.0,160.0,198.0
2025-03-01 23:30,420.0,245.0,200.0,304.0,103.0,430.0,395.0,521.0,241.0,83.0,344.0,275.0,471.0,411.0,160.0,177.0
2025-03-01 23:35,422.0,245.0,213.0,314.0,98.0,421.0,375.0,517.0,248.0,99.0,393.0,262.0,464.0,418.0,158.0,175.0
2025-03-01 23:40,445.0,253.0,236.0,301.0,104.0,418.0,381.0,532.0,245.0,79.0,353.0,256.0,498.0,412.0,148.0,203.0
2025-03-01 23:45,416.0,247.0,231.0,329.0,126.0,422.0,365.0,532.0,226.0,128.0,339.0,255.0,448.0,428.0,152.0,207.0
2025-03-01 23:50,415.0,249.0,231.0,304.0,118.0,412.0,375.0,522.0,240.0,87.0,350.0,270.0,469.0,439.0,140.0,184.0
2025-03-01 23:55,470.0,249.0,225.0,337.0,99.0,447.0,369.0,501.0,222.0,78.0,337.0,293.0,494.0,402.0,163.0,194.0
2025-03-02 00:00,415.0,255.0,216.0,294.0,95.0,403.0,368.0,501.0,234.0,58.0,318.0,263.0,497.0,393.0,130.0,170.0
2025-03-02 00:05,400.0,260.0,215.0,299.0,92.0,418.0,373.0,519.0,215.0,48.0,314.0,274.0,463.0,399.0,161.0,181.0
2025-03-02 00:10,402.0,256.0,219.0,305.0,96.0,412.0,374.0,534.0,247.0,108.0,338.0,266.0,472.0,399.0,151.0,194.0
2025-03-02 00:15,404.0,249.0,204.0,298.0,101.0,427.0,373.0,513.0,221.0,103.0,338.0,257.0,476.0,404.0,172.0,169.0
2025-03-02 00:20,432.0,250.0,208.0,303.0,103.0,430.0,378.0,515.0,218.0,105.0,346.0,251.0,516.0,402.0,165.0,148.0
2025-03-02 00:25,463.0,251.0,209.0,310.0,100.0,420.0,377.0,518.0,231.0,118.0,333.0,281.0,479.0,406.0,165.0,185.0
2025-03-02 00:30,410.0,253.0,234.0,335.0,101.0,411.0,388.0,514.0,240.0,87.0,325.0,255.0,493.0,408.0,177.0,173.0
2025-03-02 00:35,416.0,245.0,220.0,289.0,102.0,413.0,375.0,510.0,245.0,96.0,351.0,232.0,478.0,424.0,176.0,208.0
2025-03-02 00:40,430.0,244.0,205.0,321.0,102.0,423.0,386.0,522.0,229.0,92.0,340.0,274.0,492.0,387.0,152.0,170.0
2025-03-02 00:45,408.0,255.0,224.0,283.0,103.0,412.0,349.0,539.0,221.0,118.0,339.0,291.0,496.0,389.0,145.0,191.0
2025-03-02 00:50,405.0,253.0,212.0,287.0,105.0,430.0,386.0,515.0,237.0,86.0,319.0,291.0,503.0,406.0,164.0,184.0
2025-03-02 00:55,422.0,252.0,222.0,302.0,110.0,406.0,382.0,517.0,241.0,68.0,298.0,262.0,467.0,376.0,168.0,176.0
2025-03-02 01:00,435.0,242.0,222.0,301.0,98.0,425.0,364.0,536.0,225.0,85.0,305.0,283.0,480.0,410.0,150.0,176.0
2025-03-02 01:05,0,0,0,0,0,0,0,0,0,0,0,0,0,0,0,0
2025-03-02 01:10,0,0,0,0,0,0,0,0,0,0,0,0,0,0,0,0
2025-03-02 01:15,0,0,0,0,0,0,0,0,0,0,0,0,0,0,0,0
2025-03-02 01:20,0,0,0,0,0,0,0,0,0,0,0,0,0,0,0,0
2025-03-02 01:25,0,0,0,0,0,0,0,0,0,0,0,0,0,0,0,0
2025-03-02 01:30,0,0,0,0,0,0,0,0,0,0,0,0,0,0,0,0
2025-03-02 01:35,0,0,0,0,0,0,0,0,0,0,0,0,0,0,0,0
2025-03-02 01:40,0,0,0,0,0,0,0,0,0,0,0,0,0,0,0,0
2025-03-02 01:45,0,0,0,0,0,0,0,0,0,0,0,0,0,0,0,0
2025-03-02 01:50,0,0,0,0,0,0,0,0,0,0,0,0,0,0,0,0
2025-03-02 01:55,0,0,0,0,0,0,0,0,0,0,0,0,0,0,0,0
2025-03-02 02:00,0,0,0,0,0,0,0,0,0,0,0,0,0,0,0,0
2025-03-02 14:00,461.0,258.0,245.0,307.0,93.0,432.0,400.0,581.0,279.0,85.0,383.0,272.0,450.0,380.0,177.0,205.0
2025-03-02 14:05,462.0,257.0,246.0,302.0,115.0,435.0,412.0,563.0,268.0,90.0,426.0,290.0,517.0,388.0,151.0,194.0
2025-03-02 14:10,447.0,263.0,256.0,334.0,104.0,443.0,421.0,542.0,271.0,92.0,375.0,290.0,493.0,384.0,162.0,187.0
2025-03-02 14:15,457.0,270.0,260.0,297.0,128.0,445.0,409.0,558.0,273.0,111.0,432.0,293.0,510.0,418.0,167.0,197.0
2025-03-02 14:20,464.0,254.0,236.0,308.0,108.0,440.0,406.0,549.0,281.0,80.0,399.0,284.0,489.0,397.0,164.0,190.0
2025-03-02 14:25,457.0,279.0,235.0,297.0,107.0,470.0,426.0,562.0,290.0,72.0,377.0,297.0,502.0,403.0,161.0,194.0
2025-03-02 14:30,470.0,268.0,259.0,305.0,119.0,463.0,423.0,601.0,280.0,78.0,378.0,289.0,483.0,411.0,176.0,203.0
2025-03-02 14:35,497.0,264.0,237.0,302.0,104.0,460.0,408.0,589.0,276.0,100.0,429.0,301.0,503.0,400.0,170.0,202.0
2025-03-02 14:40,511.0,267.0,261.0,307.0,94.0,471.0,409.0,575.0,266.0,90.0,431.0,291.0,507.0,429.0,172.0,210.0
2025-03-02 14:45,452.0,271.0,249.0,291.0,101.0,454.0,398.0,578.0,276.0,115.0,414.0,288.0,518.0,415.0,172.0,205.0
2025-03-02 14:50,470.0,274.0,268.0,332.0,99.0,465.0,392.0,568.0,278.0,103.0,421.0,328.0,491.0,397.0,175.0,204.0
2025-03-02 14:55,498.0,280.0,238.0,306.0,106.0,439.0,406.0,569.0,285.0,83.0,421.0,304.0,490.0,410.0,169.0,192.0
2025-03-02 15:00,492.0,273.0,255.0,298.0,103.0,453.0,423.0,574.0,284.0,67.0,418.0,321.0,499.0,426.0,165.0,217.0
2025-03-02 15:05,476.0,277.0,258.0,301.0,103.0,487.0,405.0,595.0,297.0,59.0,363.0,312.0,504.0,406.0,171.0,196.0
2025-03-02 15:10,456.0,272.0,265.0,311.0,108.0,457.0,409.0,573.0,272.0,64.0,414.0,308.0,499.0,408.0,171.0,209.0
2025-03-02 15:15,461.0,276.0,253.0,315.0,127.0,460.0,423.0,592.0,281.0,92.0,401.0,277.0,492.0,421.0,178.0,186.0
2025-03-02 15:20,452.0,278.0,275.0,294.0,105.0,473.0,397.0,605.0,284.0,67.0,422.0,311.0,482.0,425.0,176.0,183.0
2025-03-02 15:25,458.0,276.0,271.0,300.0,100.0,454.0,409.0,591.0,285.0,107.0,389.0,311.0,484.0,405.0,153.0,197.0
2025-03-02 15:30,464.0,276.0,266.0,296.0,109.0,476.0,416.0,588.0,285.0,165.0,407.0,276.0,515.0,423.0,176.0,195.0
2025-03-02 15:35,483.0,279.0,263.0,292.0,107.0,454.0,411.0,575.0,283.0,87.0,409.0,314.0,505.0,413.0,138.0,196.0
2025-03-02 15:40,462.0,284.0,264.0,302.0,130.0,468.0,425.0,591.0,295.0,71.0,408.0,312.0,517.0,417.0,152.0,196.0
2025-03-02 15:45,466.0,269.0,251.0,307.0,116.0,465.0,412.0,608.0,285.0,77.0,405.0,313.0,486.0,425.0,164.0,206.0
2025-03-02 15:50,459.0,288.0,253.0,302.0,105.0,463.0,416.0,590.0,290.0,93.0,417.0,300.0,485.0,399.0,178.0,205.0
2025-03-02 15:55,450.0,284.0,271.0,283.0,128.0,478.0,415.0,593.0,297.0,89.0,416.0,298.0,488.0,384.0,163.0,203.0
2025-03-02 16:00,481.0,269.0,279.0,297.0,96.0,460.0,397.0,602.0,291.0,87.0,418.0,313.0,487.0,423.0,180.0,217.0
2025-03-02 16:05,521.0,272.0,283.0,324.0,109.0,495.0,420.0,582.0,304.0,92.0,420.0,330.0,536.0,424.0,175.0,195.0
2025-03-02 16:10,464.0,272.0,273.0,319.0,105.0,475.0,417.0,592.0,290.0,86.0,411.0,319.0,505.0,425.0,169.0,194.0
2025-03-02 16:15,486.0,277.0,238.0,298.0,114.0,473.0,419.0,599.0,309.0,53.0,409.0,332.0,520.0,401.0,171.0,200.0
2025-03-02 16:20,467.0,272.0,241.0,306.0,106.0,469.0,430.0,617.0,293.0,58.0,414.0,308.0,518.0,425.0,149.0,195.0
2025-03-02 16:25,460.0,285.0,273.0,330.0,121.0,479.0,409.0,613.0,305.0,102.0,426.0,303.0,531.0,402.0,167.0,219.0
2025-03-02 16:30,461.0,287.0,266.0,312.0,103.0,488.0,407.0,592.0,296.0,90.0,416.0,302.0,530.0,414.0,175.0,201.0
2025-03-02 16:35,461.0,286.0,260.0,318.0,138.0,475.0,433.0,575.0,307.0,108.0,409.0,307.0,506.0,429.0,148.0,203.0
2025-03-02 16:40,481.0,296.0,264.0,298.0,115.0,485.0,424.0,571.0,297.0,56.0,424.0,313.0,502.0,419.0,166.0,213.0
2025-03-02 16:45,467.0,282.0,254.0,308.0,115.0,492.0,424.0,584.0,304.0,95.0,413.0,294.0,513.0,419.0,162.0,208.0
2025-03-02 16:50,479.0,292.0,281.0,316.0,101.0,480.0,414.0,589.0,301.0,87.0,358.0,305.0,506.0,398.0,172.0,195.0
2025-03-02 16:55,482.0,299.0,270.0,322.0,123.0,494.0,441.0,579.0,303.0,88.0,417.0,305.0,522.0,412.0,176.0,208.0
2025-03-02 17:00,457.0,283.0,273.0,314.0,139.0,486.0,420.0,589.0,299.0,78.0,412.0,274.0,524.0,431.0,166.0,187.0
2025-03-02 17:05,535.0,280.0,275.0,302.0,115.0,483.0,410.0,554.0,299.0,80.0,423.0,316.0,516.0,435.0,151.0,197.0
2025-03-02 17:10,484.0,280.0,268.0,304.0,103.0,481.0,398.0,584.0,311.0,64.0,417.0,303.0,507.0,432.0,177.0,208.0
2025-03-02 17:15,481.0,289.0,271.0,308.0,120.0,502.0,424.0,590.0,300.0,72.0,418.0,315.0,491.0,438.0,166.0,209.0
2025-03-02 17:20,467.0,299.0,269.0,324.0,112.0,507.0,445.0,594.0,293.0,96.0,404.0,310.0,499.0,426.0,174.0,213.0
2025-03-02 17:25,485.0,277.0,260.0,316.0,109.0,465.0,417.0,585.0,292.0,84.0,415.0,311.0,514.0,435.0,164.0,196.0
2025-03-02 17:30,480.0,293.0,272.0,312.0,123.0,479.0,418.0,620.0,293.0,99.0,432.0,309.0,510.0,430.0,173.0,190.0
2025-03-02 17:35,477.0,280.0,254.0,313.0,132.0,481.0,420.0,599.0,311.0,109.0,403.0,303.0,489.0,440.0,157.0,200.0
2025-03-02 17:40,470.0,293.0,244.0,341.0,106.0,487.0,407.0,570.0,304.0,109.0,381.0,313.0,500.0,421.0,182.0,205.0
2025-03-02 17:45,490.0,280.0,258.0,340.0,123.0,495.0,415.0,585.0,292.0,81.0,412.0,320.0,509.0,408.0,179.0,213.0
2025-03-02 17:50,501.0,284.0,232.0,301.0,113.0,490.0,432.0,600.0,295.0,106.0,426.0,278.0,484.0,436.0,169.0,209.0
2025-03-02 17:55,487.0,278.0,262.0,312.0,110.0,537.0,413.0,582.0,299.0,71.0,423.0,261.0,495.0,428.0,175.0,235.0
2025-03-02 18:00,510.0,296.0,280.0,308.0,111.0,478.0,416.0,605.0,300.0,88.0,401.0,286.0,493.0,403.0,183.0,209.0
2025-03-02 18:05,480.0,285.0,261.0,309.0,107.0,471.0,421.0,607.0,292.0,51.0,397.0,319.0,493.0,405.0,174.0,210.0
2025-03-02 18:10,487.0,292.0,267.0,287.0,109.0,481.0,411.0,573.0,295.0,87.0,414.0,304.0,514.0,416.0,160.0,207.0
2025-03-02 18:15,491.0,287.0,270.0,340.0,116.0,474.0,423.0,585.0,286.0,91.0,390.0,310.0,502.0,422.0,155.0,206.0
2025-03-02 18:20,480.0,279.0,271.0,315.0,130.0,481.0,410.0,609.0,293.0,69.0,422.0,283.0,479.0,436.0,168.0,209.0
2025-03-02 18:25,496.0,291.0,247.0,317.0,130.0,483.0,405.0,584.0,296.0,115.0,406.0,307.0,506.0,439.0,173.0,205.0
2025-03-02 18:30,498.0,291.0,253.0,321.0,105.0,489.0,420.0,607.0,305.0,79.0,420.0,293.0,478.0,431.0,157.0,196.0
2025-03-02 18:35,480.0,279.0,264.0,303.0,109.0,474.0,428.0,596.0,279.0,97.0,406.0,290.0,499.0,411.0,173.0,196.0
2025-03-02 18:40,476.0,269.0,279.0,300.0,96.0,464.0,421.0,600.0,293.0,92.0,413.0,311.0,519.0,426.0,174.0,210.0
2025-03-02 18:45,473.0,286.0,257.0,298.0,107.0,480.0,409.0,592.0,299.0,116.0,404.0,317.0,480.0,413.0,168.0,202.0
2025-03-02 18:50,486.0,283.0,237.0,292.0,100.0,487.0,406.0,591.0,301.0,75.0,385.0,316.0,502.0,423.0,180.0,220.0
2025-03-02 18:55,476.0,298.0,245.0,334.0,100.0,464.0,420.0,581.0,292.0,112.0,405.0,282.0,485.0,414.0,166.0,195.0
2025-03-02 19:00,497.0,285.0,245.0,292.0,125.0,484.0,399.0,565.0,301.0,66.0,388.0,290.0,490.0,413.0,172.0,203.0
2025-03-02 19:05,509.0,281.0,278.0,298.0,111.0,487.0,419.0,585.0,284.0,84.0,439.0,290.0,486.0,410.0,174.0,201.0
2025-03-02 19:10,488.0,289.0,257.0,310.0,97.0,489.0,417.0,574.0,302.0,58.0,422.0,311.0,481.0,423.0,173.0,207.0
2025-03-02 19:15,463.0,280.0,254.0,322.0,122.0,475.0,430.0,580.0,285.0,91.0,399.0,290.0,495.0,414.0,172.0,196.0
2025-03-02 19:20,496.0,280.0,259.0,289.0,112.0,496.0,404.0,602.0,306.0,96.0,377.0,312.0,495.0,419.0,174.0,200.0
2025-03-02 19:25,485.0,280.0,266.0,315.0,126.0,495.0,413.0,588.0,294.0,78.0,424.0,319.0,492.0,413.0,180.0,180.0
2025-03-02 19:30,533.0,297.0,248.0,295.0,128.0,486.0,407.0,578.0,289.0,90.0,386.0,312.0,510.0,399.0,175.0,207.0
2025-03-02 19:35,522.0,288.0,265.0,304.0,102.0,467.0,405.0,574.0,279.0,113.0,414.0,316.0,496.0,418.0,174.0,195.0
2025-03-02 19:40,475.0,283.0,280.0,311.0,109.0,495.0,406.0,605.0,288.0,57.0,421.0,310.0,473.0,407.0,164.0,189.0
2025-03-02 19:45,481.0,289.0,282.0,309.0,101.0,476.0,413.0,582.0,287.0,94.0,408.0,280.0,490.0,414.0,171.0,180.0
2025-03-02 19:50,500.0,283.0,293.0,289.0,114.0,484.0,409.0,598.0,290.0,94.0,388.0,301.0,519.0,403.0,163.0,207.0
2025-03-02 19:55,481.0,276.0,267.0,299.0,119.0,473.0,398.0,603.0,301.0,102.0,421.0,284.0,485.0,403.0,166.0,196.0
2025-03-02 20:00,533.0,286.0,279.0,312.0,105.0,471.0,416.0,598.0,276.0,56.0,427.0,314.0,505.0,414.0,170.0,210.0
2025-03-02 20:05,475.0,282.0,268.0,304.0,99.0,470.0,403.0,608.0,293.0,88.0,400.0,294.0,506.0,431.0,174.0,187.0
2025-03-02 20:10,474.0,280.0,263.0,305.0,108.0,462.0,422.0,594.0,283.0,60.0,438.0,319.0,508.0,418.0,175.0,195.0
2025-03-02 20:15,483.0,283.0,258.0,306.0,97.0,467.0,405.0,580.0,282.0,112.0,395.0,298.0,511.0,415.0,183.0,208.0
2025-03-02 20:20,521.0,284.0,247.0,318.0,102.0,479.0,405.0,584.0,288.0,98.0,385.0,296.0,495.0,418.0,180.0,209.0
2025-03-02 20:25,496.0,278.0,273.0,322.0,111.0,500.0,409.0,584.0,290.0,74.0,421.0,280.0,507.0,422.0,162.0,196.0
2025-03-02 20:30,489.0,294.0,251.0,309.0,122.0,456.0,413.0,585.0,293.0,96.0,394.0,308.0,488.0,407.0,161.0,185.0
2025-03-02 20:35,478.0,290.0,270.0,305.0,113.0,459.0,397.0,563.0,289.0,89.0,398.0,299.0,499.0,389.0,171.0,195.0
2025-03-02 20:40,461.0,269.0,283.0,317.0,107.0,480.0,408.0,592.0,287.0,99.0,399.0,291.0,483.0,408.0,177.0,196.0
2025-03-02 20:45,494.0,277.0,245.0,315.0,104.0,499.0,412.0,541.0,284.0,109.0,401.0,316.0,512.0,408.0,157.0,182.0
2025-03-02 20:50,459.0,287.0,273.0,299.0,101.0,479.0,422.0,601.0,287.0,79.0,400.0,300.0,496.0,397.0,164.0,207.0
2025-03-02 20:55,469.0,269.0,250.0,308.0,110.0,500.0,409.0,585.0,279.0,91.0,404.0,312.0,505.0,428.0,183.0,202.0
2025-03-02 21:00,475.0,277.0,261.0,322.0,99.0,475.0,407.0,580.0,297.0,80.0,409.0,299.0,520.0,419.0,173.0,181.0
2025-03-02 21:05,472.0,265.0,241.0,306.0,100.0,485.0,409.0,557.0,278.0,110.0,398.0,322.0,497.0,405.0,166.0,192.0
2025-03-02 21:10,466.0,275.0,239.0,300.0,94.0,479.0,396.0,558.0,283.0,75.0,386.0,286.0,511.0,415.0,157.0,193.0
2025-03-02 21:15,462.0,280.0,254.0,287.0,108.0,476.0,391.0,589.0,282.0,79.0,418.0,323.0,502.0,432.0,166.0,205.0
2025-03-02 21:20,463.0,275.0,256.0,281.0,123.0,476.0,405.0,585.0,276.0,89.0,404.0,333.0,499.0,416.0,164.0,185.0
2025-03-02 21:25,446.0,266.0,247.0,286.0,112.0,476.0,401.0,577.0,273.0,78.0,408.0,329.0,502.0,429.0,170.0,169.0
2025-03-02 21:30,487.0,278.0,252.0,307.0,104.0,477.0,404.0,583.0,279.0,84.0,385.0,293.0,498.0,424.0,168.0,191.0
2025-03-02 21:35,462.0,286.0,281.0,300.0,126.0,462.0,402.0,591.0,280.0,55.0,384.0,306.0,502.0,405.0,174.0,191.0
2025-03-02 21:40,469.0,271.0,253.0,314.0,125.0,488.0,402.0,582.0,281.0,87.0,397.0,324.0,507.0,413.0,168.0,181.0
2025-03-02 21:45,461.0,277.0,249.0,305.0,118.0,493.0,411.0,561.0,284.0,107.0,383.0,291.0,480.0,420.0,174.0,198.0
2025-03-02 21:50,475.0,276.0,263.0,320.0,126.0,462.0,396.0,578.0,274.0,114.0,373.0,285.0,508.0,405.0,151.0,168.0
2025-03-02 21:55,460.0,286.0,245.0,305.0,132.0,485.0,397.0,570.0,281.0,72.0,402.0,320.0,485.0,413.0,152.0,205.0
2025-03-02 22:00,462.0,277.0,229.0,308.0,133.0,470.0,397.0,587.0,275.0,108.0,390.0,301.0,498.0,411.0,163.0,186.0
2025-03-02 22:05,473.0,274.0,241.0,288.0,100.0,466.0,409.0,579.0,291.0,112.0,410.0,300.0,503.0,420.0,180.0,201.0
2025-03-02 22:10,469.0,278.0,263.0,337.0,106.0,487.0,394.0,592.0,281.0,115.0,404.0,292.0,518.0,409.0,177.0,211.0
2025-03-02 22:15,475.0,287.0,232.0,314.0,110.0,484.0,395.0,584.0,289.0,96.0,410.0,315.0,510.0,413.0,171.0,200.0
2025-03-02 22:20,482.0,287.0,246.0,293.0,126.0,483.0,403.0,588.0,294.0,102.0,410.0,335.0,504.0,401.0,174.0,186.0
2025-03-02 22:25,462.0,280.0,266.0,285.0,115.0,497.0,398.0,567.0,288.0,67.0,388.0,305.0,497.0,403.0,175.0,201.0
2025-03-02 22:30,465.0,276.0,249.0,314.0,111.0,484.0,404.0,593.0,285.0,110.0,408.0,327.0,503.0,401.0,176.0,173.0
2025-03-02 22:35,468.0,260.0,255.0,332.0,94.0,468.0,405.0,597.0,286.0,117.0,399.0,295.0,517.0,427.0,176.0,208.0
2025-03-02 22:40,464.0,272.0,280.0,288.0,99.0,460.0,408.0,566.0,276.0,98.0,381.0,287.0,487.0,414.0,169.0,203.0
2025-03-02 22:45,468.0,268.0,231.0,312.0,107.0,467.0,393.0,549.0,278.0,82.0,425.0,310.0,491.0,413.0,169.0,207.0
2025-03-02 22:50,512.0,268.0,217.0,300.0,100.0,462.0,397.0,562.0,283.0,84.0,414.0,289.0,511.0,411.0,178.0,200.0
2025-03-02 22:55,463.0,275.0,240.0,301.0,123.0,465.0,393.0,576.0,275.0,106.0,406.0,320.0,496.0,422.0,176.0,205.0
2025-03-02 23:00,448.0,270.0,239.0,313.0,125.0,489.0,406.0,572.0,279.0,106.0,393.0,322.0,509.0,389.0,163.0,193.0
2025-03-02 23:05,533.0,274.0,252.0,292.0,102.0,482.0,410.0,579.0,277.0,92.0,412.0,284.0,501.0,413.0,167.0,186.0
2025-03-02 23:10,469.0,283.0,263.0,293.0,102.0,471.0,408.0,578.0,287.0,80.0,403.0,329.0,506.0,414.0,171.0,192.0
2025-03-02 23:15,455.0,283.0,256.0,302.0,130.0,473.0,406.0,546.0,277.0,91.0,395.0,318.0,509.0,409.0,174.0,191.0
2025-03-02 23:20,475.0,274.0,232.0,299.0,101.0,455.0,413.0,558.0,264.0,67.0,408.0,304.0,510.0,401.0,176.0,112.0
2025-03-02 23:25,500.0,276.0,251.0,313.0,106.0,477.0,405.0,593.0,267.0,92.0,397.0,342.0,499.0,389.0,164.0,180.0
2025-03-02 23:30,461.0,271.0,241.0,307.0,179.0,483.0,409.0,572.0,258.0,113.0,380.0,296.0,479.0,387.0,168.0,194.0
2025-03-02 23:35,487.0,269.0,237.0,299.0,105.0,461.0,403.0,589.0,257.0,91.0,371.0,334.0,503.0,395.0,137.0,174.0
2025-03-02 23:40,455.0,272.0,246.0,305.0,112.0,460.0,408.0,588.0,268.0,101.0,400.0,336.0,483.0,412.0,187.0,185.0
2025-03-02 23:45,495.0,266.0,220.0,305.0,92.0,455.0,421.0,569.0,272.0,83.0,395.0,288.0,478.0,408.0,157.0,171.0
2025-03-02 23:50,462.0,272.0,254.0,299.0,106.0,466.0,413.0,588.0,264.0,98.0,396.0,281.0,478.0,409.0,182.0,212.0
2025-03-02 23:55,491.0,266.0,225.0,311.0,125.0,434.0,389.0,573.0,272.0,60.0,395.0,304.0,488.0,405.0,163.0,184.0
2025-03-03 00:00,459.0,251.0,247.0,323.0,108.0,462.0,415.0,564.0,282.0,114.0,394.0,305.0,515.0,386.0,172.0,209.0
2025-03-03 00:05,508.0,264.0,245.0,302.0,114.0,469.0,401.0,576.0,287.0,75.0,384.0,296.0,490.0,409.0,183.0,187.0
2025-03-03 00:10,454.0,274.0,245.0,309.0,107.0,453.0,406.0,579.0,274.0,107.0,391.0,296.0,496.0,405.0,176.0,177.0
2025-03-03 00:15,473.0,277.0,244.0,299.0,112.0,479.0,424.0,547.0,268.0,80.0,406.0,332.0,494.0,415.0,170.0,197.0
2025-03-03 00:20,478.0,273.0,234.0,300.0,130.0,445.0,407.0,598.0,275.0,65.0,388.0,331.0,488.0,394.0,164.0,191.0
2025-03-03 00:25,444.0,272.0,245.0,305.0,126.0,467.0,394.0,584.0,269.0,113.0,390.0,337.0,505.0,413.0,173.0,181.0
2025-03-03 00:30,436.0,279.0,264.0,302.0,111.0,439.0,407.0,544.0,258.0,108.0,404.0,312.0,507.0,397.0,176.0,184.0
2025-03-03 00:35,473.0,271.0,225.0,302.0,103.0,459.0,397.0,568.0,265.0,95.0,384.0,343.0,499.0,398.0,167.0,188.0
2025-03-03 00:40,454.0,277.0,233.0,330.0,124.0,460.0,406.0,575.0,249.0,92.0,405.0,281.0,495.0,396.0,177.0,196.0
2025-03-03 00:45,484.0,256.0,241.0,305.0,137.0,463.0,402.0,588.0,266.0,57.0,394.0,326.0,493.0,400.0,174.0,201.0
2025-03-03 00:50,442.0,240.0,247.0,311.0,112.0,457.0,394.0,574.0,261.0,74.0,399.0,290.0,481.0,410.0,181.0,168.0
2025-03-03 00:55,454.0,254.0,211.0,298.0,105.0,452.0,405.0,569.0,272.0,87.0,410.0,288.0,484.0,399.0,163.0,186.0
2025-03-03 01:00,474.0,268.0,232.0,304.0,104.0,456.0,381.0,550.0,254.0,83.0,389.0,291.0,484.0,405.0,150.0,176.0
2025-03-03 01:05,0,0,0,0,0,0,0,0,0,0,0,0,0,0,0,0
2025-03-03 01:10,0,0,0,0,0,0,0,0,0,0,0,0,0,0,0,0
2025-03-03 01:15,0,0,0,0,0,0,0,0,0,0,0,0,0,0,0,0
2025-03-03 01:20,0,0,0,0,0,0,0,0,0,0,0,0,0,0,0,0
2025-03-03 01:25,0,0,0,0,0,0,0,0,0,0,0,0,0,0,0,0
2025-03-03 01:30,0,0,0,0,0,0,0,0,0,0,0,0,0,0,0,0
2025-03-03 01:35,0,0,0,0,0,0,0,0,0,0,0,0,0,0,0,0
2025-03-03 01:40,0,0,0,0,0,0,0,0,0,0,0,0,0,0,0,0
2025-03-03 01:45,0,0,0,0,0,0,0,0,0,0,0,0,0,0,0,0
2025-03-03 01:50,0,0,0,0,0,0,0,0,0,0,0,0,0,0,0,0
2025-03-03 01:55,0,0,0,0,0,0,0,0,0,0,0,0,0,0,0,0
2025-03-03 02:00,0,0,0,0,0,0,0,0,0,0,0,0,0,0,0,0
2025-03-03 14:00,517.0,298.0,269.0,349.0,143.0,521.0,416.0,596.0,298.0,80.0,467.0,308.0,469.0,425.0,182.0,206.0
2025-03-03 14:05,502.0,283.0,268.0,299.0,103.0,510.0,430.0,548.0,302.0,88.0,450.0,301.0,512.0,420.0,173.0,207.0
2025-03-03 14:10,511.0,292.0,256.0,340.0,110.0,505.0,435.0,605.0,303.0,86.0,463.0,297.0,489.0,416.0,175.0,197.0
2025-03-03 14:15,531.0,282.0,270.0,312.0,104.0,507.0,414.0,635.0,289.0,80.0,455.0,334.0,469.0,410.0,174.0,224.0
2025-03-03 14:20,554.0,281.0,274.0,336.0,105.0,506.0,414.0,618.0,309.0,91.0,485.0,349.0,491.0,440.0,178.0,197.0
2025-03-03 14:25,536.0,293.0,271.0,331.0,110.0,504.0,429.0,578.0,292.0,68.0,455.0,297.0,523.0,430.0,167.0,210.0
2025-03-03 14:30,531.0,282.0,268.0,334.0,128.0,493.0,417.0,596.0,295.0,54.0,462.0,342.0,489.0,405.0,180.0,199.0
2025-03-03 14:35,513.0,286.0,258.0,304.0,97.0,513.0,407.0,607.0,307.0,99.0,444.0,326.0,498.0,419.0,159.0,193.0
2025-03-03 14:40,541.0,289.0,258.0,355.0,96.0,517.0,439.0,615.0,312.0,66.0,452.0,305.0,502.0,405.0,177.0,216.0
2025-03-03 14:45,524.0,293.0,265.0,309.0,170.0,520.0,420.0,612.0,307.0,74.0,433.0,319.0,482.0,433.0,183.0,207.0
2025-03-03 14:50,548.0,302.0,253.0,306.0,104.0,515.0,432.0,604.0,301.0,96.0,450.0,305.0,506.0,427.0,184.0,175.0
2025-03-03 14:55,524.0,293.0,272.0,302.0,102.0,509.0,412.0,598.0,294.0,61.0,466.0,306.0,489.0,430.0,184.0,221.0
2025-03-03 15:00,584.0,282.0,283.0,308.0,116.0,533.0,411.0,604.0,309.0,96.0,450.0,306.0,510.0,407.0,152.0,175.0
2025-03-03 15:05,515.0,282.0,284.0,305.0,113.0,513.0,422.0,600.0,304.0,103.0,454.0,327.0,499.0,425.0,165.0,203.0
2025-03-03 15:10,567.0,292.0,275.0,318.0,109.0,516.0,427.0,628.0,291.0,53.0,471.0,309.0,490.0,443.0,168.0,202.0
2025-03-03 15:15,554.0,281.0,241.0,312.0,106.0,544.0,413.0,591.0,301.0,82.0,442.0,307.0,471.0,429.0,170.0,178.0
2025-03-03 15:20,504.0,294.0,292.0,315.0,111.0,515.0,422.0,588.0,310.0,106.0,450.0,331.0,504.0,449.0,166.0,228.0
2025-03-03 15:25,510.0,295.0,275.0,308.0,112.0,525.0,400.0,594.0,306.0,84.0,456.0,296.0,466.0,430.0,164.0,218.0
2025-03-03 15:30,507.0,288.0,257.0,321.0,103.0,537.0,418.0,599.0,303.0,112.0,469.0,325.0,499.0,442.0,180.0,181.0
2025-03-03 15:35,526.0,296.0,276.0,300.0,97.0,520.0,434.0,599.0,320.0,100.0,453.0,310.0,538.0,467.0,175.0,208.0
2025-03-03 15:40,524.0,307.0,278.0,313.0,107.0,546.0,432.0,557.0,322.0,64.0,428.0,327.0,491.0,445.0,165.0,213.0
2025-03-03 15:45,545.0,303.0,240.0,322.0,110.0,531.0,433.0,576.0,314.0,96.0,440.0,309.0,484.0,467.0,185.0,191.0
2025-03-03 15:50,525.0,280.0,256.0,316.0,110.0,508.0,406.0,615.0,308.0,102.0,461.0,334.0,518.0,449.0,180.0,219.0
2025-03-03 15:55,587.0,276.0,288.0,315.0,117.0,524.0,415.0,615.0,324.0,74.0,457.0,306.0,497.0,437.0,175.0,224.0
2025-03-03 16:00,537.0,294.0,300.0,318.0,124.0,533.0,426.0,590.0,313.0,81.0,462.0,309.0,518.0,436.0,175.0,202.0
2025-03-03 16:05,557.0,284.0,285.0,327.0,111.0,511.0,442.0,612.0,325.0,66.0,471.0,335.0,492.0,427.0,168.0,228.0
2025-03-03 16:10,544.0,298.0,266.0,319.0,102.0,540.0,423.0,619.0,337.0,95.0,449.0,304.0,477.0,405.0,179.0,236.0
2025-03-03 16:15,511.0,309.0,281.0,316.0,107.0,514.0,454.0,644.0,315.0,62.0,485.0,331.0,511.0,449.0,167.0,231.0
2025-03-03 16:20,527.0,305.0,298.0,342.0,108.0,512.0,438.0,602.0,330.0,104.0,480.0,348.0,508.0,435.0,179.0,211.0
2025-03-03 16:25,508.0,298.0,260.0,350.0,112.0,523.0,440.0,614.0,325.0,51.0,468.0,323.0,493.0,441.0,182.0,220.0
2025-03-03 16:30,524.0,308.0,250.0,350.0,103.0,507.0,418.0,630.0,315.0,87.0,479.0,321.0,500.0,428.0,169.0,208.0
2025-03-03 16:35,516.0,313.0,257.0,362.0,131.0,529.0,426.0,621.0,333.0,56.0,485.0,332.0,512.0,442.0,167.0,206.0
2025-03-03 16:40,520.0,298.0,246.0,361.0,113.0,517.0,411.0,608.0,332.0,119.0,462.0,316.0,514.0,447.0,171.0,225.0
2025-03-03 16:45,502.0,309.0,295.0,358.0,97.0,542.0,437.0,618.0,322.0,71.0,454.0,342.0,514.0,455.0,175.0,226.0
2025-03-03 16:50,505.0,308.0,269.0,353.0,124.0,535.0,431.0,636.0,315.0,72.0,468.0,313.0,519.0,439.0,168.0,226.0
2025-03-03 16:55,518.0,319.0,289.0,356.0,82.0,547.0,440.0,603.0,329.0,115.0,463.0,350.0,509.0,454.0,182.0,221.0
2025-03-03 17:00,556.0,306.0,295.0,329.0,114.0,538.0,444.0,615.0,316.0,56.0,469.0,289.0,525.0,461.0,173.0,212.0
2025-03-03 17:05,538.0,315.0,292.0,373.0,130.0,536.0,430.0,614.0,320.0,81.0,470.0,330.0,491.0,459.0,168.0,214.0
2025-03-03 17:10,519.0,312.0,297.0,351.0,115.0,525.0,415.0,617.0,325.0,64.0,435.0,307.0,520.0,453.0,175.0,232.0
2025-03-03 17:15,559.0,308.0,285.0,354.0,112.0,550.0,424.0,622.0,334.0,112.0,458.0,313.0,507.0,442.0,175.0,209.0
2025-03-03 17:20,517.0,301.0,239.0,370.0,172.0,520.0,429.0,611.0,326.0,67.0,466.0,324.0,525.0,462.0,181.0,224.0
2025-03-03 17:25,520.0,312.0,274.0,351.0,124.0,524.0,431.0,589.0,325.0,94.0,475.0,339.0,494.0,423.0,182.0,191.0
2025-03-03 17:30,542.0,305.0,286.0,347.0,127.0,546.0,453.0,624.0,319.0,63.0,476.0,297.0,516.0,445.0,180.0,203.0
2025-03-03 17:35,576.0,301.0,297.0,343.0,148.0,541.0,447.0,601.0,329.0,95.0,471.0,337.0,530.0,440.0,179.0,208.0
2025-03-03 17:40,527.0,314.0,273.0,351.0,119.0,536.0,418.0,626.0,326.0,74.0,468.0,318.0,500.0,444.0,173.0,185.0
2025-03-03 17:45,517.0,294.0,286.0,333.0,141.0,539.0,412.0,624.0,322.0,77.0,465.0,326.0,509.0,443.0,188.0,206.0
2025-03-03 17:50,553.0,311.0,264.0,364.0,127.0,520.0,418.0,640.0,327.0,61.0,473.0,298.0,518.0,442.0,173.0,221.0
2025-03-03 17:55,527.0,302.0,294.0,340.0,98.0,513.0,423.0,583.0,315.0,82.0,483.0,325.0,511.0,432.0,171.0,219.0
2025-03-03 18:00,543.0,301.0,278.0,341.0,129.0,515.0,452.0,635.0,325.0,78.0,455.0,340.0,506.0,438.0,145.0,207.0
2025-03-03 18:05,558.0,303.0,289.0,312.0,114.0,506.0,433.0,625.0,333.0,120.0,473.0,325.0,512.0,452.0,176.0,196.0
2025-03-03 18:10,547.0,292.0,304.0,326.0,108.0,525.0,400.0,597.0,333.0,56.0,471.0,335.0,512.0,424.0,173.0,220.0
2025-03-03 18:15,520.0,299.0,263.0,311.0,105.0,523.0,437.0,609.0,306.0,76.0,443.0,319.0,503.0,453.0,183.0,211.0
2025-03-03 18:20,545.0,303.0,272.0,320.0,156.0,504.0,418.0,614.0,313.0,85.0,481.0,331.0,493.0,442.0,176.0,206.0
2025-03-03 18:25,546.0,297.0,268.0,333.0,117.0,508.0,426.0,608.0,324.0,84.0,473.0,359.0,542.0,452.0,177.0,223.0
2025-03-03 18:30,546.0,307.0,285.0,349.0,98.0,502.0,423.0,628.0,318.0,70.0,457.0,345.0,530.0,442.0,177.0,206.0
2025-03-03 18:35,531.0,308.0,274.0,313.0,129.0,509.0,428.0,602.0,318.0,107.0,471.0,335.0,495.0,426.0,171.0,210.0
2025-03-03 18:40,517.0,291.0,275.0,326.0,132.0,522.0,427.0,600.0,318.0,86.0,481.0,319.0,491.0,448.0,196.0,182.0
2025-03-03 18:45,530.0,312.0,248.0,344.0,110.0,524.0,429.0,583.0,327.0,62.0,488.0,331.0,513.0,453.0,182.0,216.0
2025-03-03 18:50,547.0,290.0,277.0,318.0,118.0,518.0,428.0,574.0,327.0,72.0,467.0,304.0,520.0,425.0,165.0,220.0
2025-03-03 18:55,533.0,297.0,288.0,304.0,100.0,530.0,431.0,637.0,309.0,65.0,484.0,314.0,531.0,415.0,169.0,221.0
2025-03-03 19:00,539.0,294.0,260.0,306.0,121.0,535.0,423.0,612.0,322.0,88.0,473.0,314.0,505.0,427.0,185.0,192.0
2025-03-03 19:05,605.0,299.0,285.0,308.0,138.0,504.0,431.0,619.0,313.0,41.0,495.0,323.0,508.0,422.0,182.0,214.0
2025-03-03 19:10,565.0,305.0,278.0,312.0,116.0,549.0,422.0,596.0,311.0,107.0,473.0,313.0,536.0,430.0,156.0,225.0
2025-03-03 19:15,615.0,330.0,292.0,344.0,128.0,546.0,424.0,609.0,318.0,68.0,482.0,305.0,537.0,438.0,153.0,199.0
2025-03-03 19:20,513.0,299.0,294.0,312.0,131.0,520.0,426.0,617.0,311.0,83.0,464.0,341.0,541.0,429.0,180.0,200.0
2025-03-03 19:25,570.0,311.0,264.0,318.0,133.0,506.0,428.0,583.0,311.0,87.0,468.0,360.0,549.0,425.0,178.0,213.0
2025-03-03 19:30,531.0,304.0,291.0,329.0,135.0,534.0,449.0,616.0,316.0,73.0,487.0,333.0,535.0,427.0,170.0,207.0
2025-03-03 19:35,542.0,299.0,283.0,326.0,102.0,533.0,419.0,636.0,312.0,98.0,483.0,321.0,517.0,434.0,180.0,234.0
2025-03-03 19:40,535.0,290.0,253.0,300.0,121.0,526.0,431.0,608.0,310.0,70.0,481.0,312.0,500.0,430.0,184.0,186.0
2025-03-03 19:45,528.0,307.0,297.0,334.0,126.0,518.0,446.0,591.0,317.0,72.0,475.0,324.0,528.0,407.0,181.0,193.0
2025-03-03 19:50,550.0,304.0,274.0,318.0,118.0,542.0,434.0,611.0,317.0,86.0,491.0,347.0,526.0,441.0,185.0,173.0
2025-03-03 19:55,535.0,299.0,252.0,312.0,134.0,505.0,425.0,619.0,303.0,76.0,494.0,348.0,516.0,443.0,180.0,211.0
2025-03-03 20:00,549.0,289.0,290.0,330.0,103.0,529.0,427.0,579.0,342.0,83.0,480.0,353.0,530.0,419.0,172.0,190.0
2025-03-03 20:05,520.0,291.0,258.0,326.0,114.0,521.0,427.0,592.0,303.0,82.0,489.0,327.0,519.0,433.0,176.0,199.0
2025-03-03 20:10,539.0,284.0,287.0,318.0,104.0,515.0,437.0,591.0,300.0,93.0,482.0,351.0,523.0,426.0,182.0,195.0
2025-03-03 20:15,513.0,290.0,289.0,301.0,118.0,519.0,433.0,587.0,294.0,79.0,485.0,333.0,528.0,437.0,175.0,199.0
2025-03-03 20:20,548.0,288.0,278.0,339.0,102.0,529.0,432.0,604.0,299.0,81.0,474.0,319.0,495.0,431.0,167.0,185.0
2025-03-03 20:25,538.0,301.0,258.0,314.0,129.0,539.0,424.0,575.0,307.0,57.0,472.0,334.0,536.0,436.0,201.0,191.0
2025-03-03 20:30,534.0,299.0,271.0,328.0,123.0,523.0,419.0,591.0,308.0,109.0,481.0,352.0,521.0,452.0,192.0,189.0
2025-03-03 20:35,535.0,292.0,289.0,346.0,139.0,515.0,411.0,592.0,305.0,79.0,476.0,320.0,517.0,433.0,179.0,183.0
2025-03-03 20:40,558.0,295.0,303.0,330.0,95.0,520.0,430.0,589.0,321.0,62.0,468.0,365.0,527.0,439.0,161.0,198.0
2025-03-03 20:45,540.0,301.0,263.0,339.0,97.0,530.0,425.0,586.0,295.0,82.0,462.0,336.0,533.0,436.0,167.0,169.0
2025-03-03 20:50,530.0,296.0,295.0,311.0,116.0,527.0,411.0,608.0,306.0,64.0,483.0,329.0,512.0,440.0,178.0,180.0
2025-03-03 20:55,548.0,294.0,274.0,321.0,116.0,521.0,436.0,590.0,302.0,90.0,481.0,351.0,535.0,444.0,170.0,194.0
